address_folder,best_image,best_score,has_door,has_stairs,stairs_under_door,reason
1-29BEACH133STREET,Side2_2012-10_P_PwZZg_H_256_Off_0.jpg,82.4,1,1,1,door_conf=0.91 | door_size=0.011 | center=0.88 | stairs_conf=0.92 | stairs_under=True | align=0.74
1-34BEACH133STREET,Side1_2012-10_P_PwZZg_H_35_Off_0.jpg,83.0,1,1,1,door_conf=0.73 | door_size=0.034 | center=0.86 | stairs_conf=0.98 | stairs_under=True | align=0.99
1-37BEACH137STREET,Side1_2022-07_P_DPskA_H_226_Off_0.jpg,58.4,1,0,0,door_conf=0.93 | door_size=0.014 | center=0.98 | no_stairs
1-37BEACH138STREET,Center_2022-07_P_iEK9w_H_253_Off_5.jpg,88.5,1,1,1,door_conf=0.95 | door_size=0.012 | center=0.98 | stairs_conf=0.99 | stairs_under=True | align=1.00
1-38BEACH133STREET,Side2_2018-07_P_9C7eg_H_98_Off_-10.jpg,38.0,1,0,0,door_conf=0.39 | door_size=0.024 | center=0.75 | no_stairs
1-40BEACH134STREET,Center_2007-09_P_v3f5Q_H_50_Off_0.jpg,85.2,1,1,1,door_conf=0.91 | door_size=0.017 | center=0.91 | stairs_conf=0.72 | stairs_under=True | align=1.00
1-40BEACH137STREET,Center_2022-07_P_DPskA_H_63_Off_-10.jpg,58.5,1,0,0,door_conf=0.99 | door_size=0.012 | center=0.87 | no_stairs
1-40BEACH142STREET,Center_2022-07_P_qQmPg_H_65_Off_-10.jpg,37.6,1,1,0,door_conf=0.38 | door_size=0.006 | center=0.91 | stairs_conf=0.89 | stairs_under=False | align=0.00
1-41BEACH137STREET,Side2_2022-07_P_DPskA_H_267_Off_0.jpg,49.8,1,0,0,door_conf=0.79 | door_size=0.008 | center=0.84 | no_stairs
1-42BEACH133STREET,Center_2018-07_P_9C7eg_H_68_Off_-10.jpg,55.6,1,0,0,door_conf=0.85 | door_size=0.019 | center=0.90 | no_stairs
1-44BEACH134STREET,Side1_2007-09_P_v3f5Q_H_37_Off_10.jpg,83.4,1,1,1,door_conf=0.83 | door_size=0.019 | center=0.94 | stairs_conf=0.73 | stairs_under=True | align=1.00
1-44BEACH138STREET,Center_2022-07_P_WafEw_H_62_Off_-10.jpg,0.0,0,0,0,no_door
1-44BEACH142STREET,Center_2022-07_P__tNAA_H_62_Off_-10.jpg,61.7,1,1,1,door_conf=0.30 | door_size=0.006 | center=0.83 | stairs_conf=0.97 | stairs_under=True | align=1.00
1-45BEACH133STREET,Center_2018-07_P_9C7eg_H_238_Off_0.jpg,72.4,1,1,1,door_conf=0.58 | door_size=0.009 | center=0.97 | stairs_conf=0.70 | stairs_under=True | align=1.00
1-45BEACH137STREET,Center_2022-07_P_WGcyA_H_240_Off_-10.jpg,70.5,1,1,1,door_conf=0.65 | door_size=0.003 | center=0.74 | stairs_conf=0.91 | stairs_under=True | align=1.00
1-48BEACH134STREET,Center_2007-09_P_KQEhQ_H_64_Off_5.jpg,75.7,1,1,1,door_conf=0.65 | door_size=0.008 | center=0.90 | stairs_conf=0.99 | stairs_under=True | align=1.00
1-48BEACH142STREET,Side2_2022-07_P_zgf4Q_H_78_Off_0.jpg,81.9,1,1,1,door_conf=0.89 | door_size=0.008 | center=0.86 | stairs_conf=0.79 | stairs_under=True | align=1.00
1-49BEACH133STREET,Center_2018-07_P_MIDUQ_H_250_Off_10.jpg,65.9,1,1,1,door_conf=0.32 | door_size=0.012 | center=0.94 | stairs_conf=1.00 | stairs_under=True | align=1.00
1-49BEACH137STREET,Side2_2022-07_P_WGcyA_H_287_Off_-5.jpg,68.7,1,1,1,door_conf=0.59 | door_size=0.003 | center=0.72 | stairs_conf=0.97 | stairs_under=True | align=1.00
1-49BEACH138STREET,Center_2022-07_P_s0iLw_H_260_Off_5.jpg,84.6,1,1,1,door_conf=0.90 | door_size=0.007 | center=0.95 | stairs_conf=0.95 | stairs_under=True | align=1.00
1-50BEACH134STREET,Side1_2007-09_P_KQEhQ_H_38_Off_-5.jpg,70.1,1,1,1,door_conf=0.53 | door_size=0.008 | center=0.81 | stairs_conf=0.99 | stairs_under=True | align=1.00
1-51BEACH137STREET,Side2_2022-07_P_zrTNg_H_267_Off_-10.jpg,67.8,1,1,1,door_conf=0.44 | door_size=0.006 | center=0.90 | stairs_conf=0.99 | stairs_under=True | align=1.00
1-53BEACH133STREET,Center_2018-07_P_Fc3ew_H_249_Off_10.jpg,69.6,1,1,1,door_conf=0.43 | door_size=0.009 | center=0.99 | stairs_conf=0.99 | stairs_under=True | align=1.00
1-53BEACH134STREET,Center_2007-09_P_bpoRQ_H_223_Off_-10.jpg,0.0,0,0,0,no_door
1-54BEACH137STREET,Side1_2022-07_P_zrTNg_H_44_Off_-5.jpg,56.4,1,0,0,door_conf=0.96 | door_size=0.006 | center=0.93 | no_stairs
1-54BEACH138STREET,Center_2022-07_P_FxRzA_H_78_Off_0.jpg,82.6,1,1,1,door_conf=0.79 | door_size=0.010 | center=0.98 | stairs_conf=1.00 | stairs_under=True | align=1.00
1-54BEACH142STREET,Center_2022-07_P_tnhaw_H_74_Off_0.jpg,72.3,1,1,1,door_conf=0.55 | door_size=0.005 | center=0.98 | stairs_conf=0.98 | stairs_under=True | align=1.00
1-55BEACH133STREET,Side2_2018-07_P_Fc3ew_H_268_Off_-5.jpg,63.6,1,1,1,door_conf=0.31 | door_size=0.012 | center=0.80 | stairs_conf=0.99 | stairs_under=True | align=1.00
1-55BEACH137STREET,Center_2022-07_P_KTsUQ_H_246_Off_-5.jpg,59.5,1,1,1,door_conf=0.59 | door_size=0.004 | center=0.74 | stairs_conf=0.93 | stairs_under=True | align=0.44
1-55BEACH138STREET,Center_2022-07_P_FxRzA_H_238_Off_-10.jpg,0.0,0,0,0,no_door
1-56BEACH134STREET,Center_2007-09_P_nhwww_H_50_Off_-10.jpg,0.0,0,0,0,no_door
1-58BEACH138STREET,Side2_2022-07_P_Hv1IQ_H_90_Off_-10.jpg,76.6,1,1,1,door_conf=0.65 | door_size=0.016 | center=0.90 | stairs_conf=0.97 | stairs_under=True | align=0.90
1-59BEACH133STREET,Side2_2018-07_P_ArYeg_H_261_Off_-10.jpg,57.6,1,0,0,door_conf=0.95 | door_size=0.012 | center=0.90 | no_stairs
1-59BEACH134STREET,Center_2007-09_P_vhBfA_H_256_Off_10.jpg,29.2,1,0,0,door_conf=0.36 | door_size=0.006 | center=0.86 | no_stairs
1-59BEACH137STREET,Center_2022-07_P_D3Chg_H_241_Off_-5.jpg,52.6,1,1,0,door_conf=0.91 | door_size=0.003 | center=0.74 | stairs_conf=0.90 | stairs_under=False | align=0.00
1-59BEACH138STREET,Center_2022-07_P_Hv1IQ_H_257_Off_0.jpg,83.7,1,1,1,door_conf=0.88 | door_size=0.005 | center=0.99 | stairs_conf=1.00 | stairs_under=True | align=1.00
1-60BEACH138STREET,Side1_2022-07_P_iO3Eg_H_42_Off_0.jpg,82.4,1,1,1,door_conf=0.93 | door_size=0.015 | center=0.98 | stairs_conf=0.95 | stairs_under=True | align=0.39
1-60BEACH142STREET,Center_2022-07_P_rm6GA_H_89_Off_10.jpg,83.9,1,1,1,door_conf=0.93 | door_size=0.012 | center=0.97 | stairs_conf=1.00 | stairs_under=True | align=1.00
1-65BEACH133STREET,Side2_2022-07_P_6WKFQ_H_267_Off_-10.jpg,39.1,1,0,0,door_conf=0.51 | door_size=0.012 | center=0.68 | no_stairs
1-65BEACH134STREET,Center_2007-09_P_6ccMg_H_239_Off_5.jpg,48.7,1,0,0,door_conf=0.69 | door_size=0.013 | center=0.90 | no_stairs
1-66BEACH137STREET,Center_2022-07_P_ov7tw_H_67_Off_5.jpg,88.5,1,1,1,door_conf=0.98 | door_size=0.009 | center=0.96 | stairs_conf=0.97 | stairs_under=True | align=1.00
1-66BEACH142STREET,Center_2022-07_P_ca5HQ_H_62_Off_5.jpg,57.9,1,0,0,door_conf=0.98 | door_size=0.010 | center=0.89 | no_stairs
1-68BEACH137STREET,Side1_2022-07_P_ov7tw_H_44_Off_5.jpg,56.6,1,1,0,door_conf=0.96 | door_size=0.013 | center=0.69 | stairs_conf=0.83 | stairs_under=False | align=0.00
1-69BEACH134STREET,Side1_2007-09_P_OX03w_H_214_Off_0.jpg,43.2,1,1,0,door_conf=0.51 | door_size=0.008 | center=0.90 | stairs_conf=0.93 | stairs_under=False | align=0.20
1-69BEACH137STREET,Center_2022-07_P_107HQ_H_250_Off_10.jpg,54.1,1,0,0,door_conf=0.92 | door_size=0.003 | center=0.97 | no_stairs
1-70BEACH134STREET,Center_2007-09_P_VENDA_H_41_Off_-10.jpg,0.0,0,0,0,no_door
1-71BEACH138STREET,Center_2022-07_P_JjI_g_H_247_Off_0.jpg,56.6,1,0,0,door_conf=0.96 | door_size=0.006 | center=0.97 | no_stairs
1-72BEACH134STREET,Side2_2007-09_P_aUd9Q_H_97_Off_-5.jpg,48.6,1,1,0,door_conf=0.74 | door_size=0.005 | center=0.81 | stairs_conf=0.93 | stairs_under=False | align=0.00
1-72BEACH137STREET,Side1_2022-07_P_N8QKg_H_26_Off_-5.jpg,76.5,1,1,1,door_conf=0.69 | door_size=0.005 | center=0.97 | stairs_conf=0.95 | stairs_under=True | align=1.00
1-72BEACH142STREET,Center_2022-07_P_OiOWQ_H_56_Off_0.jpg,40.3,1,1,0,door_conf=0.41 | door_size=0.018 | center=0.88 | stairs_conf=0.71 | stairs_under=False | align=0.00
1-73BEACH137STREET,Side2_2022-07_P_107HQ_H_275_Off_5.jpg,48.5,1,0,0,door_conf=0.96 | door_size=0.004 | center=0.74 | no_stairs
1-74BEACH138STREET,Center_2022-07_P_nWo6g_H_74_Off_-5.jpg,69.6,1,1,1,door_conf=0.42 | door_size=0.014 | center=0.91 | stairs_conf=0.99 | stairs_under=True | align=1.00
1-75BEACH133STREET,Center_2022-07_P_tNrdQ_H_244_Off_-10.jpg,0.0,0,0,0,no_door
1-75BEACH138STREET,Side2_2022-07_P_JjI_g_H_264_Off_-5.jpg,54.4,1,0,0,door_conf=0.94 | door_size=0.006 | center=0.83 | no_stairs
1-77BEACH134STREET,Center_2007-09_P_aUd9Q_H_261_Off_0.jpg,66.9,1,1,1,door_conf=0.47 | door_size=0.008 | center=0.88 | stairs_conf=0.71 | stairs_under=True | align=1.00
1-77BEACH137STREET,Side1_2022-07_P_1teBg_H_238_Off_10.jpg,77.1,1,1,1,door_conf=0.74 | door_size=0.003 | center=0.94 | stairs_conf=0.94 | stairs_under=True | align=1.00
1-78BEACH142STREET,Center_2022-07_P_QDksw_H_73_Off_10.jpg,76.5,1,1,1,door_conf=0.62 | door_size=0.012 | center=0.94 | stairs_conf=0.99 | stairs_under=True | align=1.00
1-79BEACH138STREET,Center_2022-07_P_5W1aw_H_246_Off_-5.jpg,70.3,1,1,1,door_conf=0.48 | door_size=0.008 | center=0.93 | stairs_conf=0.99 | stairs_under=True | align=1.00
1-81BEACH134STREET,Center_2007-09_P_PO5RQ_H_254_Off_5.jpg,76.1,1,1,1,door_conf=0.57 | door_size=0.015 | center=0.99 | stairs_conf=1.00 | stairs_under=True | align=1.00
1-83BEACH138STREET,Side1_2022-07_P_ZZoNg_H_236_Off_5.jpg,73.0,1,1,1,door_conf=0.59 | door_size=0.006 | center=0.92 | stairs_conf=0.99 | stairs_under=True | align=1.00
1-84BEACH142STREET,Center_2022-07_P_K5PIA_H_65_Off_-10.jpg,82.8,1,1,1,door_conf=0.87 | door_size=0.014 | center=0.82 | stairs_conf=0.97 | stairs_under=True | align=0.92
1-85BEACH134STREET,Side2_2007-09_P_PO5RQ_H_272_Off_-5.jpg,66.8,1,1,1,door_conf=0.39 | door_size=0.013 | center=0.82 | stairs_conf=1.00 | stairs_under=True | align=1.00
1-86BEACH133STREET,Center_2022-07_P_jJWVg_H_68_Off_-10.jpg,0.0,0,0,0,no_door
1-86BEACH137STREET,Center_2022-07_P_6cRSA_H_56_Off_-10.jpg,0.0,0,0,0,no_door
1-87BEACH138STREET,Side1_2022-07_P_yKRLg_H_242_Off_10.jpg,65.1,1,1,1,door_conf=0.38 | door_size=0.007 | center=0.84 | stairs_conf=1.00 | stairs_under=True | align=1.00
1-90BEACH137STREET,Center_2022-07_P_JIhqA_H_79_Off_10.jpg,87.2,1,1,1,door_conf=0.95 | door_size=0.008 | center=0.99 | stairs_conf=0.99 | stairs_under=True | align=1.00
1-91BEACH138STREET,Center_2022-07_P_jJNgw_H_243_Off_-5.jpg,73.5,1,1,1,door_conf=0.59 | door_size=0.005 | center=0.97 | stairs_conf=0.99 | stairs_under=True | align=1.00
1-92BEACH142STREET,Center_2022-07_P_H6grg_H_47_Off_-5.jpg,58.3,1,0,0,door_conf=0.99 | door_size=0.006 | center=0.98 | no_stairs
1-96BEACH142STREET,Center_2022-07_P_4IRog_H_130_Off_-10.jpg,0.0,0,0,0,no_door
1-97BEACH137STREET,Side1_2022-07_P_tRY-Q_H_213_Off_-10.jpg,78.6,1,1,1,door_conf=0.77 | door_size=0.006 | center=0.86 | stairs_conf=1.00 | stairs_under=True | align=1.00
1-98BEACH133STREET,Center_2020-11_P_s899g_H_147_Off_-10.jpg,0.0,0,0,0,no_door
125BEACH131STREET,Side2_2019-08_P_BBvqg_H_242_Off_-5.jpg,87.6,1,1,1,door_conf=0.97 | door_size=0.012 | center=0.87 | stairs_conf=1.00 | stairs_under=True | align=1.00
125BEACH135STREET,Side1_2022-07_P_kMNqw_H_222_Off_10.jpg,75.7,1,1,1,door_conf=0.76 | door_size=0.019 | center=0.87 | stairs_conf=0.52 | stairs_under=True | align=0.72
126BEACH135STREET,Side1_2022-07_P_KUBig_H_64_Off_10.jpg,40.6,1,0,0,door_conf=0.47 | door_size=0.011 | center=0.91 | no_stairs
128BEACH132STREET,Side1_2019-08_P_eqbkg_H_79_Off_-10.jpg,68.4,1,1,1,door_conf=0.47 | door_size=0.015 | center=0.71 | stairs_conf=0.99 | stairs_under=True | align=1.00
129BEACH131STREET,Side2_2019-08_P_BBvqg_H_268_Off_-10.jpg,84.6,1,1,1,door_conf=0.90 | door_size=0.013 | center=0.82 | stairs_conf=0.97 | stairs_under=True | align=1.00
129BEACH136STREET,Side2_2019-08_P_q3B9g_H_266_Off_-10.jpg,50.7,1,0,0,door_conf=0.73 | door_size=0.014 | center=0.92 | no_stairs
129BEACH137STREET,Side1_2022-07_P_hpMiw_H_221_Off_-10.jpg,0.0,0,0,0,no_door
130-01CRONSTONAVENUE,Center_2020-11_P_O2wQg_H_233_Off_-10.jpg,70.2,1,1,1,door_conf=0.62 | door_size=0.004 | center=0.91 | stairs_conf=0.62 | stairs_under=True | align=1.00
130-03NEWPORTAVENUE,Center_2024-10_P_wU0Lw_H_152_Off_-10.jpg,0.0,0,0,0,no_door
130-03ROCKAWAYBEACHBLVD,Center_2021-11_P_elebw_H_151_Off_-10.jpg,35.4,1,0,0,door_conf=0.56 | door_size=0.005 | center=0.84 | no_stairs
130-07BEACHCHANNELDRIVE,Side1_2024-10_P_Je9Zg_H_141_Off_10.jpg,34.1,1,0,0,door_conf=0.35 | door_size=0.014 | center=0.70 | no_stairs
130-09BEACHCHANNELDRIVE,Side2_2024-10_P_oCOrQ_H_196_Off_0.jpg,66.0,1,1,1,door_conf=0.47 | door_size=0.004 | center=0.92 | stairs_conf=0.71 | stairs_under=True | align=1.00
130-11CRONSTONAVENUE,Side2_2022-07_P_zSYEA_H_195_Off_5.jpg,44.0,1,1,0,door_conf=0.56 | door_size=0.003 | center=0.99 | stairs_conf=0.92 | stairs_under=False | align=0.00
130-14CRONSTONAVENUE,Side1_2022-07_P_zSYEA_H_308_Off_0.jpg,56.9,1,1,0,door_conf=0.84 | door_size=0.011 | center=0.95 | stairs_conf=0.97 | stairs_under=False | align=0.00
130-16ROCKAWAYBEACHBLVD,Center_2021-11_P_PsWRQ_H_73_Off_0.jpg,47.5,1,0,0,door_conf=0.64 | door_size=0.017 | center=0.86 | no_stairs
130BEACH134STREET,Side1_2007-09_P_BgwSg_H_55_Off_-10.jpg,0.0,0,0,0,no_door
131-02ROCKAWAYBEACHBLVD,Center_2021-11_P_oUOEw_H_328_Off_-10.jpg,0.0,0,0,0,no_door
131-05CRONSTONAVENUE,Center_2022-07_P_hlUAw_H_144_Off_-10.jpg,0.0,0,0,0,no_door
131-05NEWPORTAVENUE,Center_2024-10_P_MzPfQ_H_139_Off_-10.jpg,0.0,0,0,0,no_door
131-11ROCKAWAYBEACHBLVD,Center_2021-11_P_AzzSQ_H_154_Off_-5.jpg,34.3,1,0,0,door_conf=0.44 | door_size=0.005 | center=0.70 | no_stairs
131-12CRONSTONAVENUE,Side2_2022-07_P_3clpw_H_6_Off_-5.jpg,73.8,1,1,1,door_conf=0.63 | door_size=0.011 | center=0.76 | stairs_conf=0.99 | stairs_under=True | align=1.00
131-14CRONSTONAVENUE,Side1_2018-07_P_HLQ2g_H_27_Off_-5.jpg,29.5,1,0,0,door_conf=0.33 | door_size=0.002 | center=0.78 | no_stairs
131BEACH135STREET,Center_2022-07_P_kMNqw_H_232_Off_0.jpg,84.3,1,1,1,door_conf=0.86 | door_size=0.017 | center=0.94 | stairs_conf=0.82 | stairs_under=True | align=0.95
131BEACH138STREET,Side1_2022-07_P_iEK9w_H_214_Off_10.jpg,39.3,1,0,0,door_conf=0.37 | door_size=0.020 | center=0.92 | no_stairs
131BEACH139STREET,Side2_2019-08_P_FCVxg_H_81_Off_0.jpg,29.8,1,1,0,door_conf=0.34 | door_size=0.006 | center=0.70 | stairs_conf=0.45 | stairs_under=False | align=0.00
132-04CRONSTONAVENUE,Center_2018-07_P_tKiiQ_H_243_Off_-10.jpg,0.0,0,0,0,no_door
132-05ROCKAWAYBEACHBLVD,Side2_2007-09_P_qTxyQ_H_268_Off_-10.jpg,80.8,1,1,1,door_conf=0.82 | door_size=0.016 | center=0.90 | stairs_conf=0.62 | stairs_under=True | align=1.00
132-06ROCKAWAYBEACHBLVD,Center_2021-11_P_oUrIw_H_249_Off_-10.jpg,0.0,0,0,0,no_door
132-09BEACHCHANNELDRIVE,Center_2024-10_P_ugfTQ_H_138_Off_-10.jpg,0.0,0,0,0,no_door
132-12NEWPORTAVENUE,Side2_2007-09_P_sX26g_H_4_Off_-5.jpg,63.3,1,1,1,door_conf=0.48 | door_size=0.005 | center=0.89 | stairs_conf=0.73 | stairs_under=True | align=0.67
132-15NEWPORTAVENUE,Center_2022-07_P_MZfGg_H_47_Off_-10.jpg,34.9,1,0,0,door_conf=0.48 | door_size=0.002 | center=0.76 | no_stairs
132-16NEWPORTAVENUE,Center_2022-07_P_7AqRg_H_64_Off_-10.jpg,65.0,1,0,0,door_conf=0.85 | door_size=0.222 | center=0.81 | no_stairs
133-05NEWPORTAVENUE,Center_2022-07_P_FeFbg_H_157_Off_0.jpg,60.8,1,1,1,door_conf=0.31 | door_size=0.006 | center=0.82 | stairs_conf=0.85 | stairs_under=True | align=1.00
133-06ROCKAWAYBEACHBLVD,Side1_2022-07_P_XlMaQ_H_216_Off_-5.jpg,38.2,1,0,0,door_conf=0.34 | door_size=0.053 | center=0.64 | no_stairs
133-11NEWPORTAVENUE,Side2_2022-07_P_r08fg_H_169_Off_0.jpg,44.3,1,0,0,door_conf=0.71 | door_size=0.005 | center=0.76 | no_stairs
133-17NEWPORTAVENUE,Center_2022-07_P_fUVIQ_H_83_Off_5.jpg,51.2,1,0,0,door_conf=0.71 | door_size=0.089 | center=0.77 | no_stairs
133BEACH130STREET,Side2_2019-08_P_Qlmlg_H_238_Off_0.jpg,77.8,1,1,1,door_conf=0.77 | door_size=0.007 | center=0.77 | stairs_conf=1.00 | stairs_under=True | align=1.00
133BEACH131STREET,Center_2019-08_P_R18sQ_H_251_Off_5.jpg,76.3,1,1,1,door_conf=0.69 | door_size=0.004 | center=0.96 | stairs_conf=1.00 | stairs_under=True | align=1.00
134-05NEWPORTAVENUE,Side2_2022-07_P_5hlNg_H_264_Off_-10.jpg,57.1,1,0,0,door_conf=0.86 | door_size=0.048 | center=0.72 | no_stairs
134-06ROCKAWAYBEACHBLVD,Side1_2021-11_P_W0nrw_H_205_Off_-10.jpg,59.1,1,0,0,door_conf=0.94 | door_size=0.042 | center=0.71 | no_stairs
134-09NEWPORTAVENUE,Center_2022-07_P_6OpJw_H_149_Off_-10.jpg,0.0,0,0,0,no_door
134-11NEWPORTAVENUE,Center_2022-07_P_Uv4Iw_H_159_Off_-5.jpg,40.6,1,0,0,door_conf=0.41 | door_size=0.032 | center=0.79 | no_stairs
134-16CRONSTONAVENUE,Side1_2022-07_P_jnatw_H_309_Off_0.jpg,64.2,1,1,1,door_conf=0.41 | door_size=0.008 | center=0.73 | stairs_conf=0.94 | stairs_under=True | align=1.00
135-02ROCKAWAYBEACHBLVD,Side1_2022-07_P_b2Bmw_H_225_Off_10.jpg,45.5,1,1,0,door_conf=0.63 | door_size=0.007 | center=0.77 | stairs_conf=0.96 | stairs_under=False | align=0.00
135-03BEACHCHANNELDRIVE,Side2_2024-10_P_xeB8A_H_200_Off_5.jpg,37.1,1,1,0,door_conf=0.37 | door_size=0.011 | center=0.97 | stairs_conf=0.52 | stairs_under=False | align=0.00
135-05ROCKAWAYBEACHBLVD,Center_2022-07_P_FK7kQ_H_233_Off_-10.jpg,0.0,0,0,0,no_door
135-07ROCKAWAYBEACHBLVD,Center_2022-07_P_e3QhQ_H_127_Off_-10.jpg,0.0,0,0,0,no_door
135-09BEACHCHANNELDRIVE,Side1_2022-07_P_Z3lRg_H_104_Off_-10.jpg,52.5,1,0,0,door_conf=0.68 | door_size=0.064 | center=0.75 | no_stairs
135-11ROCKAWAYBEACHBLVD,Center_2022-07_P_nnDtQ_H_134_Off_-10.jpg,0.0,0,0,0,no_door
135-14NEWPORTAVENUE,Center_2021-11_P_l_Igw_H_315_Off_-10.jpg,0.0,0,0,0,no_door
135-17NEWPORTAVENUE,Center_2022-07_P_CinOg_H_38_Off_-10.jpg,0.0,0,0,0,no_door
135-17ROCKAWAYBEACHBLVD,Side1_2019-08_P_1RKMQ_H_41_Off_5.jpg,72.4,1,1,1,door_conf=0.57 | door_size=0.004 | center=0.98 | stairs_conf=1.00 | stairs_under=True | align=1.00
135BEACH132STREET,Side1_2019-08_P_p-YHA_H_228_Off_5.jpg,49.5,1,1,0,door_conf=0.77 | door_size=0.007 | center=0.74 | stairs_conf=0.95 | stairs_under=False | align=0.00
135BEACH135STREET,Center_2022-07_P_XTySw_H_250_Off_5.jpg,82.4,1,1,1,door_conf=0.93 | door_size=0.012 | center=0.78 | stairs_conf=0.66 | stairs_under=True | align=1.00
135BEACH136STREET,Side2_2019-08_P_q3B9g_H_254_Off_10.jpg,51.4,1,1,0,door_conf=0.75 | door_size=0.016 | center=0.87 | stairs_conf=0.66 | stairs_under=False | align=0.00
136-01ROCKAWAYBEACHBLVD,Side2_2022-07_P_Fw_0Q_H_201_Off_5.jpg,26.4,1,0,0,door_conf=0.31 | door_size=0.001 | center=0.90 | no_stairs
136-03NEWPORTAVENUE,Center_2022-07_P_CinOg_H_252_Off_-10.jpg,63.0,1,1,1,door_conf=0.40 | door_size=0.010 | center=0.71 | stairs_conf=0.79 | stairs_under=True | align=1.00
136-08ROCKAWAYBEACHBLVD,Center_2024-10_P_aVizA_H_309_Off_-10.jpg,0.0,0,0,0,no_door
136-13NEWPORTAVENUE,Side1_2022-07_P_wtxWw_H_137_Off_5.jpg,66.2,1,1,1,door_conf=0.42 | door_size=0.007 | center=0.82 | stairs_conf=0.99 | stairs_under=True | align=1.00
136-15ROCKAWAYBEACHBLVD,Center_2022-07_P_tRY-Q_H_66_Off_-10.jpg,0.0,0,0,0,no_door
136-16ROCKAWAYBEACHBLVD,Center_2022-07_P_JGL0g_H_48_Off_-5.jpg,42.9,1,0,0,door_conf=0.72 | door_size=0.006 | center=0.87 | no_stairs
136-21NEWPORTAVENUE,Side2_2022-07_P_J81QQ_H_85_Off_-10.jpg,43.6,1,0,0,door_conf=0.44 | door_size=0.072 | center=0.68 | no_stairs
136BEACH134STREET,Center_2007-09_P_Gl0kg_H_44_Off_-10.jpg,0.0,0,0,0,no_door
136BEACH135STREET,Center_2022-07_P_s9O0w_H_69_Off_-10.jpg,0.0,0,0,0,no_door
136BEACH136STREET,Side2_2019-08_P_fmFPg_H_107_Off_-5.jpg,77.6,1,1,1,door_conf=0.84 | door_size=0.007 | center=0.74 | stairs_conf=0.74 | stairs_under=True | align=1.00
136BEACH140STREET,Center_2019-08_P_FCVxg_H_54_Off_-10.jpg,33.7,1,1,0,door_conf=0.35 | door_size=0.005 | center=0.98 | stairs_conf=0.43 | stairs_under=False | align=0.00
137-04ROCKAWAYBEACHBLVD,Center_2022-07_P_JGL0g_H_244_Off_-10.jpg,0.0,0,0,0,no_door
137-05NEWPORTAVENUE,Center_2022-07_P_lFzjg_H_143_Off_-10.jpg,0.0,0,0,0,no_door
137-07ROCKAWAYBEACHBLVD,Center_2022-07_P_KCPYw_H_159_Off_10.jpg,81.0,1,1,1,door_conf=0.83 | door_size=0.004 | center=0.95 | stairs_conf=0.99 | stairs_under=True | align=1.00
137-08ROCKAWAYBEACHBLVD,Side2_2024-10_P_cxHjQ_H_353_Off_-10.jpg,69.2,1,1,1,door_conf=0.68 | door_size=0.003 | center=0.72 | stairs_conf=0.70 | stairs_under=True | align=1.00
137-11ROCKAWAYBEACHBLVD,Side1_2022-07_P_tFAbA_H_125_Off_-10.jpg,77.0,1,1,1,door_conf=0.75 | door_size=0.006 | center=0.81 | stairs_conf=0.98 | stairs_under=True | align=1.00
137-14ROCKAWAYBEACHBLVD,Center_2024-10_P_cxHjQ_H_320_Off_-10.jpg,0.0,0,0,0,no_door
137-18ROCKAWAYBEACHBLVD,Center_2018-07_P_lAd2A_H_74_Off_10.jpg,59.0,1,0,0,door_conf=0.96 | door_size=0.012 | center=0.99 | no_stairs
137BEACH131STREET,Center_2019-08_P_R18sQ_H_230_Off_-10.jpg,74.3,1,1,1,door_conf=0.73 | door_size=0.004 | center=0.73 | stairs_conf=1.00 | stairs_under=True | align=1.00
137BEACH140STREET,Side2_2019-08_P_fYoIg_H_243_Off_0.jpg,49.9,1,0,0,door_conf=0.52 | door_size=0.123 | center=0.75 | no_stairs
138-02ROCKAWAYBEACHBLVD,Center_2024-10_P_C1wkQ_H_322_Off_-10.jpg,0.0,0,0,0,no_door
138-12ROCKAWAYBEACHBLVD,Side1_2019-11_P_nJaIg_H_314_Off_10.jpg,41.3,1,0,0,door_conf=0.62 | door_size=0.004 | center=0.81 | no_stairs
138-15NEWPORTAVENUE,Center_2022-07_P_31Bxw_H_149_Off_-10.jpg,80.7,1,1,1,door_conf=0.84 | door_size=0.005 | center=0.89 | stairs_conf=0.96 | stairs_under=True | align=1.00
138-15ROCKAWAYBEACHBLVD,Center_2018-07_P_rt2wA_H_145_Off_-10.jpg,0.0,0,0,0,no_door
139-03NEWPORTAVENUE,Center_2022-07_P_ItG1g_H_141_Off_-10.jpg,0.0,0,0,0,no_door
139-04ROCKAWAYBEACHBLVD,Center_2018-07_P_wizFA_H_241_Off_-10.jpg,0.0,0,0,0,no_door
139-07ROCKAWAYBEACHBLVD,Center_2020-11_P_jiRgA_H_146_Off_10.jpg,45.9,1,0,0,door_conf=0.53 | door_size=0.024 | center=0.94 | no_stairs
139-11NEWPORTAVENUE,Center_2022-07_P_7LSyw_H_145_Off_-10.jpg,0.0,0,0,0,no_door
139-11ROCKAWAYBEACHBLVD,Side2_2020-11_P_jiRgA_H_157_Off_-10.jpg,48.6,1,1,0,door_conf=0.66 | door_size=0.023 | center=0.95 | stairs_conf=0.40 | stairs_under=False | align=0.00
139-15NEWPORTAVENUE,Center_2022-07_P_URy4A_H_143_Off_-10.jpg,0.0,0,0,0,no_door
139-15ROCKAWAYBEACHBLVD,Center_2020-11_P_raiyA_H_133_Off_-10.jpg,0.0,0,0,0,no_door
139BEACH135STREET,Side2_2022-07_P_XTySw_H_279_Off_-5.jpg,36.5,1,0,0,door_conf=0.47 | door_size=0.010 | center=0.66 | no_stairs
140-01ROCKAWAYBEACHBLVD,Side1_2022-07_P_u7v7w_H_125_Off_-5.jpg,34.8,1,0,0,door_conf=0.34 | door_size=0.005 | center=0.98 | no_stairs
140-15NEWPORTAVENUE,Side1_2019-08_P_VpGEg_H_107_Off_-10.jpg,22.0,1,0,0,door_conf=0.30 | door_size=0.001 | center=0.71 | no_stairs
140-15ROCKAWAYBEACHBLVD,Side1_2022-07_P_h5kCw_H_47_Off_5.jpg,78.6,1,1,1,door_conf=0.78 | door_size=0.006 | center=0.84 | stairs_conf=0.99 | stairs_under=True | align=1.00
140-16ROCKAWAYBEACHBLVD,Center_2022-07_P_hlQjA_H_337_Off_-5.jpg,54.7,1,0,0,door_conf=0.92 | door_size=0.005 | center=0.95 | no_stairs
140BEACH135STREET,Center_2022-07_P_jNuxA_H_70_Off_-5.jpg,47.0,1,0,0,door_conf=0.70 | door_size=0.005 | center=0.94 | no_stairs
140BEACH139STREET,Side1_2022-07_P_ZYVyQ_H_107_Off_-10.jpg,0.0,0,0,0,no_door
140BEACH140STREET,Side2_2022-07_P_aE0wQ_H_80_Off_0.jpg,86.9,1,1,1,door_conf=0.91 | door_size=0.011 | center=0.98 | stairs_conf=0.99 | stairs_under=True | align=1.00
140BEACH141STREET,Center_2022-07_P_bRAFQ_H_75_Off_5.jpg,53.4,1,1,0,door_conf=0.77 | door_size=0.024 | center=0.94 | stairs_conf=0.53 | stairs_under=False | align=1.00
141-01ROCKAWAYBEACHBLVD,Center_2022-07_P_A47Ig_H_247_Off_-10.jpg,74.6,1,1,1,door_conf=0.89 | door_size=0.001 | center=0.74 | stairs_conf=0.55 | stairs_under=True | align=1.00
141-04ROCKAWAYBEACHBLVD,Side1_2022-07_P_MX7tg_H_255_Off_0.jpg,41.6,1,0,0,door_conf=0.45 | door_size=0.090 | center=0.74 | no_stairs
141-08ROCKAWAYBEACHBLVD,Center_2022-07_P_8aC_Q_H_310_Off_-10.jpg,35.3,1,0,0,door_conf=0.37 | door_size=0.005 | center=0.94 | no_stairs
141-16ROCKAWAYBEACHBLVD,Center_2022-07_P_VFfLQ_H_331_Off_-10.jpg,0.0,0,0,0,no_door
141BEACH132STREET,Center_2019-08_P_zg_Ow_H_248_Off_10.jpg,86.3,1,1,1,door_conf=0.90 | door_size=0.014 | center=0.90 | stairs_conf=0.99 | stairs_under=True | align=1.00
141BEACH140STREET,Center_2019-08_P_FCVxg_H_258_Off_10.jpg,81.3,1,1,1,door_conf=0.80 | door_size=0.008 | center=0.94 | stairs_conf=0.98 | stairs_under=True | align=1.00
143BEACH135STREET,Side2_2022-07_P_jNuxA_H_264_Off_0.jpg,65.7,1,1,1,door_conf=0.40 | door_size=0.005 | center=0.98 | stairs_conf=0.81 | stairs_under=True | align=1.00
143BEACH141STREET,Center_2022-07_P_KEnOQ_H_259_Off_0.jpg,49.3,1,0,0,door_conf=0.86 | door_size=0.005 | center=0.72 | no_stairs
144BEACH131STREET,Side1_2019-08_P_jV0Sw_H_42_Off_10.jpg,86.0,1,1,1,door_conf=0.91 | door_size=0.011 | center=0.92 | stairs_conf=0.99 | stairs_under=True | align=1.00
144BEACH135STREET,Center_2022-07_P_k0enA_H_64_Off_-10.jpg,0.0,0,0,0,no_door
145BEACH131STREET,Center_2019-08_P_eu6ag_H_233_Off_-5.jpg,69.1,1,1,1,door_conf=0.49 | door_size=0.006 | center=0.89 | stairs_conf=1.00 | stairs_under=True | align=1.00
145BEACH132STREET,Center_2019-08_P_QECFg_H_234_Off_-10.jpg,0.0,0,0,0,no_door
145BEACH139STREET,Side2_2022-07_P_ZYVyQ_H_224_Off_0.jpg,52.5,1,0,0,door_conf=0.89 | door_size=0.028 | center=0.77 | no_stairs
145BEACH140STREET,Side1_2022-07_P_-7U9Q_H_216_Off_10.jpg,84.7,1,1,1,door_conf=0.84 | door_size=0.030 | center=0.76 | stairs_conf=0.98 | stairs_under=True | align=1.00
146BEACH136STREET,Center_2019-08_P_fmFPg_H_58_Off_0.jpg,79.3,1,1,1,door_conf=0.88 | door_size=0.007 | center=0.70 | stairs_conf=0.88 | stairs_under=True | align=1.00
147BEACH130STREET,Side2_2022-07_P__MRlA_H_272_Off_10.jpg,65.7,1,1,1,door_conf=0.38 | door_size=0.008 | center=0.87 | stairs_conf=0.99 | stairs_under=True | align=1.00
147BEACH131STREET,Center_2019-08_P_eu6ag_H_246_Off_5.jpg,71.9,1,1,1,door_conf=0.55 | door_size=0.005 | center=0.95 | stairs_conf=1.00 | stairs_under=True | align=1.00
147BEACH135STREET,Side2_2022-07_P_k0enA_H_268_Off_-5.jpg,38.2,1,0,0,door_conf=0.54 | door_size=0.014 | center=0.79 | no_stairs
147BEACH136STREET,Side1_2019-08_P_pey1Q_H_198_Off_5.jpg,47.2,1,1,0,door_conf=0.62 | door_size=0.014 | center=0.77 | stairs_conf=0.96 | stairs_under=False | align=0.00
148BEACH131STREET,Center_2019-08_P_Y5udw_H_79_Off_10.jpg,64.9,1,1,1,door_conf=0.36 | door_size=0.009 | center=0.82 | stairs_conf=1.00 | stairs_under=True | align=1.00
148BEACH132STREET,Side1_2019-08_P_bcjOA_H_60_Off_10.jpg,89.1,1,1,1,door_conf=0.98 | door_size=0.014 | center=0.98 | stairs_conf=0.85 | stairs_under=True | align=1.00
148BEACH139STREET,Center_2022-07_P_6F0RA_H_72_Off_5.jpg,58.5,1,1,1,door_conf=0.34 | door_size=0.005 | center=0.88 | stairs_conf=0.43 | stairs_under=True | align=1.00
148BEACH140STREET,Side1_2022-07_P_EtAeQ_H_29_Off_0.jpg,82.0,1,1,1,door_conf=0.91 | door_size=0.016 | center=0.87 | stairs_conf=1.00 | stairs_under=True | align=0.55
149BEACH130STREET,Side2_2022-07_P_kYgGw_H_273_Off_-5.jpg,79.5,1,1,1,door_conf=0.81 | door_size=0.008 | center=0.79 | stairs_conf=0.94 | stairs_under=True | align=1.00
149BEACH140STREET,Center_2022-07_P_-7U9Q_H_238_Off_0.jpg,86.4,1,1,1,door_conf=0.81 | door_size=0.024 | center=0.98 | stairs_conf=0.98 | stairs_under=True | align=1.00
149BEACH141STREET,Center_2022-07_P_NeYlw_H_234_Off_-5.jpg,46.2,1,0,0,door_conf=0.61 | door_size=0.046 | center=0.92 | no_stairs
150BEACH135STREET,Center_2022-07_P_YQ7Eg_H_48_Off_-10.jpg,80.7,1,1,1,door_conf=0.91 | door_size=0.004 | center=0.83 | stairs_conf=0.81 | stairs_under=True | align=1.00
150BEACH140STREET,Side2_2022-07_P_O27aQ_H_80_Off_-10.jpg,77.3,1,1,1,door_conf=0.82 | door_size=0.009 | center=0.74 | stairs_conf=0.73 | stairs_under=True | align=1.00
150BEACH141STREET,Side2_2022-07_P_oFpUw_H_80_Off_-10.jpg,83.4,1,1,1,door_conf=0.93 | door_size=0.008 | center=0.75 | stairs_conf=0.99 | stairs_under=True | align=1.00
151BEACH136STREET,Center_2019-08_P_2bpug_H_236_Off_-10.jpg,68.7,1,1,1,door_conf=0.51 | door_size=0.010 | center=0.75 | stairs_conf=0.91 | stairs_under=True | align=1.00
152BEACH131STREET,Side2_2019-08_P_VMJ5w_H_99_Off_-10.jpg,74.9,1,1,1,door_conf=0.78 | door_size=0.009 | center=0.89 | stairs_conf=1.00 | stairs_under=True | align=0.43
152BEACH132STREET,Side2_2019-08_P_0bCcg_H_115_Off_0.jpg,78.5,1,1,1,door_conf=0.83 | door_size=0.006 | center=0.71 | stairs_conf=1.00 | stairs_under=True | align=1.00
152BEACH139STREET,Center_2022-07_P_UL_yg_H_54_Off_-5.jpg,77.9,1,1,1,door_conf=0.69 | door_size=0.007 | center=0.98 | stairs_conf=0.99 | stairs_under=True | align=1.00
153BEACH130STREET,Side1_2022-07_P_oNSyw_H_224_Off_10.jpg,61.6,1,1,1,door_conf=0.36 | door_size=0.006 | center=0.71 | stairs_conf=0.93 | stairs_under=True | align=1.00
153BEACH131STREET,Center_2019-08_P_kf8mw_H_244_Off_-5.jpg,68.4,1,1,1,door_conf=0.48 | door_size=0.006 | center=0.88 | stairs_conf=0.97 | stairs_under=True | align=1.00
153BEACH132STREET,Side1_2019-08_P_0bCcg_H_198_Off_-10.jpg,46.0,1,0,0,door_conf=0.74 | door_size=0.008 | center=0.71 | no_stairs
153BEACH135STREET,Center_2022-07_P_JP_Yw_H_244_Off_-10.jpg,60.4,1,0,0,door_conf=0.96 | door_size=0.039 | center=0.78 | no_stairs
153BEACH140STREET,Side2_2022-07_P_-7U9Q_H_256_Off_-5.jpg,83.7,1,1,1,door_conf=0.81 | door_size=0.026 | center=0.79 | stairs_conf=0.99 | stairs_under=True | align=1.00
154BEACH141STREET,Center_2022-07_P_oFpUw_H_64_Off_10.jpg,84.0,1,1,1,door_conf=0.88 | door_size=0.006 | center=0.94 | stairs_conf=1.00 | stairs_under=True | align=1.00
156BEACH131STREET,Center_2019-08_P_VMJ5w_H_83_Off_5.jpg,78.3,1,1,1,door_conf=0.89 | door_size=0.009 | center=0.92 | stairs_conf=1.00 | stairs_under=True | align=0.35
156BEACH132STREET,Center_2019-08_P_0bCcg_H_86_Off_10.jpg,82.7,1,1,1,door_conf=0.75 | door_size=0.016 | center=0.99 | stairs_conf=1.00 | stairs_under=True | align=1.00
156BEACH135STREET,Center_2022-07_P_J0Q2g_H_78_Off_10.jpg,77.3,1,1,1,door_conf=0.74 | door_size=0.011 | center=0.73 | stairs_conf=0.98 | stairs_under=True | align=1.00
156BEACH139STREET,Side1_2022-07_P_UL_yg_H_29_Off_-5.jpg,81.5,1,1,1,door_conf=0.88 | door_size=0.008 | center=0.73 | stairs_conf=1.00 | stairs_under=True | align=1.00
156BEACH140STREET,Center_2022-07_P_O27aQ_H_58_Off_0.jpg,79.9,1,1,1,door_conf=0.74 | door_size=0.007 | center=0.99 | stairs_conf=0.97 | stairs_under=True | align=1.00
156BEACH141STREET,Side1_2022-07_P_oFpUw_H_34_Off_0.jpg,80.6,1,1,1,door_conf=0.86 | door_size=0.009 | center=0.72 | stairs_conf=0.99 | stairs_under=True | align=1.00
157BEACH130STREET,Side1_2022-07_P_tlTyg_H_222_Off_5.jpg,75.0,1,1,1,door_conf=0.67 | door_size=0.011 | center=0.74 | stairs_conf=0.99 | stairs_under=True | align=1.00
157BEACH135STREET,Center_2022-07_P_j84fA_H_237_Off_0.jpg,42.9,1,1,0,door_conf=0.53 | door_size=0.007 | center=0.82 | stairs_conf=0.99 | stairs_under=False | align=0.00
157BEACH139STREET,Center_2022-07_P_xlzhw_H_253_Off_0.jpg,71.8,1,1,1,door_conf=0.54 | door_size=0.006 | center=0.96 | stairs_conf=1.00 | stairs_under=True | align=1.00
157BEACH140STREET,Center_2022-07_P_O27aQ_H_249_Off_0.jpg,76.4,1,1,1,door_conf=0.64 | door_size=0.019 | center=0.79 | stairs_conf=0.96 | stairs_under=True | align=1.00
158BEACH136STREET,Center_2019-08_P_lwzYw_H_76_Off_10.jpg,47.9,1,0,0,door_conf=0.54 | door_size=0.074 | center=0.72 | no_stairs
159BEACH131STREET,Side2_2019-08_P_kf8mw_H_282_Off_-10.jpg,63.7,1,1,1,door_conf=0.39 | door_size=0.009 | center=0.69 | stairs_conf=0.98 | stairs_under=True | align=1.00
159BEACH141STREET,Center_2022-07_P_QjG-Q_H_247_Off_0.jpg,57.4,1,0,0,door_conf=0.84 | door_size=0.024 | center=0.98 | no_stairs
160BEACH131STREET,Side1_2019-08_P_kf8mw_H_33_Off_5.jpg,65.9,1,1,1,door_conf=0.45 | door_size=0.014 | center=0.89 | stairs_conf=0.43 | stairs_under=True | align=1.00
160BEACH139STREET,Side2_2022-07_P_xZxfA_H_95_Off_0.jpg,62.0,1,1,1,door_conf=0.37 | door_size=0.010 | center=0.70 | stairs_conf=0.79 | stairs_under=True | align=1.00
160BEACH141STREET,Side1_2022-07_P_QjG-Q_H_30_Off_-5.jpg,63.2,1,1,1,door_conf=0.43 | door_size=0.002 | center=0.76 | stairs_conf=0.99 | stairs_under=True | align=1.00
162BEACH132STREET,Center_2019-08_P_2fzaw_H_58_Off_-10.jpg,81.9,1,1,1,door_conf=0.91 | door_size=0.009 | center=0.93 | stairs_conf=1.00 | stairs_under=True | align=1.00
163BEACH132STREET,Center_2019-08_P_TZ3EQ_H_245_Off_-10.jpg,50.4,1,0,0,door_conf=0.84 | door_size=0.006 | center=0.80 | no_stairs
163BEACH135STREET,Side1_2022-07_P_HXQAA_H_223_Off_-5.jpg,70.2,1,1,1,door_conf=0.66 | door_size=0.005 | center=0.94 | stairs_conf=0.38 | stairs_under=True | align=1.00
163BEACH139STREET,Side2_2022-07_P_xlzhw_H_275_Off_10.jpg,69.1,1,1,1,door_conf=0.54 | door_size=0.007 | center=0.76 | stairs_conf=1.00 | stairs_under=True | align=1.00
164BEACH131STREET,Center_2019-08_P_6LBcw_H_63_Off_-10.jpg,70.9,1,1,1,door_conf=0.46 | door_size=0.010 | center=0.98 | stairs_conf=0.99 | stairs_under=True | align=1.00
164BEACH139STREET,Center_2022-07_P_xZxfA_H_64_Off_0.jpg,67.6,1,1,1,door_conf=0.39 | door_size=0.010 | center=0.94 | stairs_conf=0.99 | stairs_under=True | align=1.00
164BEACH141STREET,Center_2022-07_P_Tu8gQ_H_86_Off_10.jpg,36.8,1,1,0,door_conf=0.48 | door_size=0.003 | center=0.71 | stairs_conf=0.90 | stairs_under=False | align=0.00
165BEACH136STREET,Side2_2019-08_P_lwzYw_H_287_Off_-10.jpg,73.4,1,1,1,door_conf=0.59 | door_size=0.012 | center=0.81 | stairs_conf=0.99 | stairs_under=True | align=1.00
167BEACH130STREET,Side2_2022-07_P_tlTyg_H_271_Off_5.jpg,76.6,1,1,1,door_conf=0.73 | door_size=0.012 | center=0.70 | stairs_conf=0.99 | stairs_under=True | align=1.00
167BEACH132STREET,Side2_2019-08_P_TZ3EQ_H_273_Off_0.jpg,43.9,1,1,0,door_conf=0.62 | door_size=0.006 | center=0.89 | stairs_conf=0.63 | stairs_under=False | align=0.00
167BEACH135STREET,Center_2022-07_P_WB0iQ_H_226_Off_-10.jpg,0.0,0,0,0,no_door
167BEACH139STREET,Center_2022-07_P_M64Hg_H_240_Off_-5.jpg,66.9,1,1,1,door_conf=0.44 | door_size=0.006 | center=0.92 | stairs_conf=0.86 | stairs_under=True | align=1.00
167BEACH140STREET,Side2_2022-07_P_6-Fjw_H_283_Off_-10.jpg,63.4,1,1,1,door_conf=0.47 | door_size=0.010 | center=0.83 | stairs_conf=1.00 | stairs_under=True | align=0.41
168BEACH135STREET,Center_2022-07_P_Yelwg_H_74_Off_-5.jpg,67.3,1,1,1,door_conf=0.55 | door_size=0.007 | center=0.93 | stairs_conf=0.35 | stairs_under=True | align=1.00
168BEACH139STREET,Side2_2022-07_P_p2zXQ_H_75_Off_-10.jpg,54.2,1,0,0,door_conf=0.78 | door_size=0.064 | center=0.65 | no_stairs
168BEACH140STREET,Center_2019-08_P_aFNgw_H_75_Off_10.jpg,87.1,1,1,1,door_conf=0.94 | door_size=0.009 | center=0.98 | stairs_conf=0.97 | stairs_under=True | align=1.00
168BEACH141STREET,Center_2022-07_P_E3LnQ_H_90_Off_10.jpg,79.8,1,1,1,door_conf=0.77 | door_size=0.009 | center=0.97 | stairs_conf=0.79 | stairs_under=True | align=1.00
169BEACH141STREET,Center_2022-07_P_Tu8gQ_H_255_Off_5.jpg,54.3,1,1,0,door_conf=0.82 | door_size=0.008 | center=0.90 | stairs_conf=0.95 | stairs_under=False | align=0.00
171BEACH136STREET,Center_2019-08_P_1iahQ_H_257_Off_0.jpg,32.4,1,0,0,door_conf=0.40 | door_size=0.004 | center=0.70 | no_stairs
172BEACH136STREET,Center_2019-08_P_1iahQ_H_49_Off_-10.jpg,82.3,1,1,1,door_conf=0.85 | door_size=0.013 | center=0.91 | stairs_conf=0.71 | stairs_under=True | align=1.00
172BEACH139STREET,Center_2022-07_P_p2zXQ_H_70_Off_10.jpg,46.6,1,0,0,door_conf=0.60 | door_size=0.047 | center=0.63 | no_stairs
173BEACH134STREET,Side1_2007-09_P_aUd9Q_H_231_Off_10.jpg,68.9,1,1,1,door_conf=0.58 | door_size=0.010 | center=0.79 | stairs_conf=0.60 | stairs_under=True | align=1.00
173BEACH139STREET,Center_2022-07_P_dh8lg_H_230_Off_-10.jpg,0.0,0,0,0,no_door
173BEACH140STREET,Center_2022-07_P_8frIA_H_251_Off_5.jpg,82.8,1,1,1,door_conf=0.87 | door_size=0.008 | center=0.98 | stairs_conf=0.75 | stairs_under=True | align=1.00
174BEACH135STREET,Side1_2022-07_P_Yelwg_H_44_Off_10.jpg,40.8,1,0,0,door_conf=0.56 | door_size=0.010 | center=0.73 | no_stairs
174BEACH136STREET,Center_2019-08_P_uRR3A_H_62_Off_0.jpg,57.2,1,0,0,door_conf=0.96 | door_size=0.007 | center=0.98 | no_stairs
174BEACH141STREET,Center_2022-07_P_A_9ug_H_61_Off_5.jpg,66.4,1,1,1,door_conf=0.37 | door_size=0.009 | center=0.92 | stairs_conf=0.99 | stairs_under=True | align=1.00
175BEACH132STREET,Side2_2019-08_P_jM56w_H_281_Off_0.jpg,65.0,1,1,1,door_conf=0.43 | door_size=0.009 | center=0.69 | stairs_conf=0.97 | stairs_under=True | align=1.00
175BEACH135STREET,Center_2022-07_P_64RUQ_H_245_Off_-10.jpg,0.0,0,0,0,no_door
175BEACH141STREET,Side1_2022-07_P_TFv6Q_H_224_Off_10.jpg,74.6,1,1,1,door_conf=0.66 | door_size=0.009 | center=0.79 | stairs_conf=0.99 | stairs_under=True | align=1.00
176BEACH139STREET,Center_2022-07_P_dh8lg_H_48_Off_-10.jpg,0.0,0,0,0,no_door
176BEACH140STREET,Side2_2022-07_P_N9ITw_H_78_Off_-10.jpg,69.9,1,1,1,door_conf=0.66 | door_size=0.006 | center=0.84 | stairs_conf=1.00 | stairs_under=True | align=0.53
177BEACH131STREET,Side2_2012-10_P_xJIHw_H_276_Off_-10.jpg,36.1,1,0,0,door_conf=0.48 | door_size=0.006 | center=0.72 | no_stairs
177BEACH140STREET,Side2_2022-07_P_8frIA_H_250_Off_-5.jpg,83.8,1,1,1,door_conf=0.91 | door_size=0.009 | center=0.97 | stairs_conf=0.72 | stairs_under=True | align=1.00
177BEACH141STREET,Center_2022-07_P_TFv6Q_H_243_Off_0.jpg,80.3,1,1,1,door_conf=0.76 | door_size=0.007 | center=0.99 | stairs_conf=0.99 | stairs_under=True | align=1.00
178BEACH135STREET,Center_2022-07_P_UcLaQ_H_57_Off_-10.jpg,0.0,0,0,0,no_door
178BEACH138STREET,Center_2022-07_P_5W1aw_H_67_Off_10.jpg,38.4,1,1,0,door_conf=0.41 | door_size=0.007 | center=0.84 | stairs_conf=0.89 | stairs_under=False | align=0.00
179BEACH139STREET,Side2_2022-07_P_glPGg_H_256_Off_-5.jpg,55.2,1,0,0,door_conf=0.93 | door_size=0.006 | center=0.93 | no_stairs
180BEACH139STREET,Side2_2022-07_P_xpvng_H_87_Off_5.jpg,36.7,1,0,0,door_conf=0.42 | door_size=0.016 | center=0.69 | no_stairs
180BEACH140STREET,Center_2022-07_P_N9ITw_H_68_Off_5.jpg,72.3,1,1,1,door_conf=0.79 | door_size=0.009 | center=0.72 | stairs_conf=0.86 | stairs_under=True | align=0.92
180BEACH141STREET,Center_2022-07_P_Nwg2Q_H_69_Off_5.jpg,72.1,1,1,1,door_conf=0.49 | door_size=0.017 | center=0.95 | stairs_conf=0.83 | stairs_under=True | align=1.00
181BEACH132STREET,Center_2022-07_P_e4XBQ_H_225_Off_-10.jpg,0.0,0,0,0,no_door
181BEACH136STREET,Center_2019-08_P_QwYSw_H_259_Off_10.jpg,57.7,1,0,0,door_conf=0.97 | door_size=0.007 | center=0.97 | no_stairs
181BEACH137THSTREET,Center_2022-07_P_6cRSA_H_254_Off_10.jpg,85.2,1,1,1,door_conf=0.90 | door_size=0.011 | center=0.88 | stairs_conf=0.99 | stairs_under=True | align=1.00
181BEACH140STREET,Center_2022-07_P_30Rng_H_232_Off_-10.jpg,0.0,0,0,0,no_door
182BEACH135STREET,Side2_2022-07_P_zUwUA_H_93_Off_-5.jpg,81.5,1,1,1,door_conf=0.89 | door_size=0.008 | center=0.77 | stairs_conf=0.94 | stairs_under=True | align=1.00
182BEACH138STREET,Center_2022-07_P_ZZoNg_H_61_Off_-5.jpg,92.2,1,1,1,door_conf=0.99 | door_size=0.023 | center=0.98 | stairs_conf=1.00 | stairs_under=True | align=1.00
183BEACH141STREET,Side1_2022-07_P_qGsPA_H_206_Off_-10.jpg,55.7,1,0,0,door_conf=0.90 | door_size=0.008 | center=0.98 | no_stairs
184BEACH131STREET,Center_2012-10_P_9Rh_A_H_62_Off_-5.jpg,87.0,1,1,1,door_conf=0.94 | door_size=0.014 | center=0.97 | stairs_conf=0.80 | stairs_under=True | align=1.00
184BEACH139STREET,Side1_2022-07_P_glPGg_H_14_Off_-5.jpg,0.0,0,0,0,no_door
184BEACH140STREET,Side2_2022-07_P_7uUXw_H_79_Off_0.jpg,83.8,1,1,1,door_conf=0.89 | door_size=0.006 | center=0.96 | stairs_conf=0.98 | stairs_under=True | align=1.00
185BEACH130STREET,Center_2022-07_P_ZkXYQ_H_236_Off_0.jpg,72.7,1,1,1,door_conf=0.52 | door_size=0.010 | center=0.95 | stairs_conf=1.00 | stairs_under=True | align=1.00
185BEACH139STREET,Side2_2022-07_P_glPGg_H_286_Off_-10.jpg,50.4,1,0,0,door_conf=0.87 | door_size=0.006 | center=0.73 | no_stairs
185BEACH140STREET,Center_2022-07_P_7uUXw_H_246_Off_5.jpg,57.2,1,1,1,door_conf=0.32 | door_size=0.007 | center=0.84 | stairs_conf=1.00 | stairs_under=True | align=0.41
186BEACH135STREET,Center_2022-07_P_zUwUA_H_69_Off_10.jpg,84.1,1,1,1,door_conf=0.88 | door_size=0.007 | center=0.96 | stairs_conf=0.96 | stairs_under=True | align=1.00
187BEACH131STREET,Center_2012-10_P_-Lo1Q_H_249_Off_-10.jpg,0.0,0,0,0,no_door
187BEACH135STREET,Center_2022-07_P_q1OjA_H_232_Off_-10.jpg,66.6,1,1,1,door_conf=0.43 | door_size=0.004 | center=0.92 | stairs_conf=0.97 | stairs_under=True | align=1.00
187BEACH136STREET,Side2_2019-08_P_QwYSw_H_278_Off_-10.jpg,54.2,1,0,0,door_conf=0.92 | door_size=0.009 | center=0.80 | no_stairs
187BEACH140STREET,Side2_2022-07_P_7uUXw_H_268_Off_5.jpg,60.3,1,1,1,door_conf=0.31 | door_size=0.007 | center=0.92 | stairs_conf=1.00 | stairs_under=True | align=0.65
187BEACH141STREET,Center_2022-07_P_qGsPA_H_254_Off_-5.jpg,80.5,1,1,1,door_conf=0.85 | door_size=0.007 | center=0.87 | stairs_conf=0.87 | stairs_under=True | align=1.00
188BEACH140STREET,Side1_2022-07_P_7uUXw_H_59_Off_10.jpg,79.0,1,1,1,door_conf=0.94 | door_size=0.006 | center=0.82 | stairs_conf=0.90 | stairs_under=True | align=1.00
188BEACH141STREET,Side2_2022-07_P_qGsPA_H_72_Off_-10.jpg,88.2,1,1,1,door_conf=0.97 | door_size=0.040 | center=0.88 | stairs_conf=0.98 | stairs_under=True | align=1.00
189BEACH141STREET,Side2_2022-07_P_qGsPA_H_267_Off_-10.jpg,77.2,1,1,1,door_conf=0.70 | door_size=0.006 | center=0.99 | stairs_conf=0.87 | stairs_under=True | align=1.00
190BEACH131STREET,Side1_2012-10_P_9Rh_A_H_39_Off_10.jpg,48.2,1,0,0,door_conf=0.72 | door_size=0.016 | center=0.75 | no_stairs
190BEACH132STREET,Side1_2022-07_P_QVvtg_H_38_Off_5.jpg,53.1,1,1,0,door_conf=0.81 | door_size=0.009 | center=0.81 | stairs_conf=0.99 | stairs_under=False | align=0.00
192BEACH139STREET,Side1_2022-07_P_glPGg_H_12_Off_5.jpg,0.0,0,0,0,no_door
192BEACH140STREET,Side2_2022-07_P_o5FRA_H_113_Off_10.jpg,73.4,1,1,1,door_conf=0.53 | door_size=0.014 | center=0.95 | stairs_conf=0.91 | stairs_under=True | align=1.00
194BEACH132STREET,Side2_2022-07_P_lU4cA_H_80_Off_-10.jpg,82.1,1,1,1,door_conf=0.94 | door_size=0.006 | center=0.73 | stairs_conf=0.95 | stairs_under=True | align=1.00
194BEACH141STREET,Side1_2022-07_P_qGsPA_H_41_Off_10.jpg,87.4,1,1,1,door_conf=0.96 | door_size=0.042 | center=0.77 | stairs_conf=0.57 | stairs_under=True | align=1.00
196BEACH131STREET,Side2_2012-10_P_qb_rw_H_326_Off_-10.jpg,0.0,0,0,0,no_door
196BEACH139STREET,Center_2018-07_P_rt2wA_H_146_Off_-10.jpg,0.0,0,0,0,no_door
196BEACH140STREET,Center_2022-07_P_o5FRA_H_66_Off_0.jpg,89.8,1,1,1,door_conf=0.98 | door_size=0.013 | center=0.98 | stairs_conf=0.98 | stairs_under=True | align=1.00
197BEACH139STREET,Center_2022-07_P_XuFgA_H_144_Off_5.jpg,43.2,1,1,0,door_conf=0.37 | door_size=0.038 | center=0.92 | stairs_conf=0.79 | stairs_under=False | align=0.00
198BEACH132STREET,Center_2022-07_P_lU4cA_H_52_Off_-5.jpg,84.8,1,1,1,door_conf=0.92 | door_size=0.005 | center=0.95 | stairs_conf=1.00 | stairs_under=True | align=1.00
2-02BEACH133STREET,Center_2022-07_P_SsZgA_H_37_Off_-10.jpg,0.0,0,0,0,no_door
2-09BEACH138STREET,Side2_2018-07_P_lAd2A_H_255_Off_-5.jpg,53.4,1,0,0,door_conf=0.86 | door_size=0.009 | center=0.89 | no_stairs
2-10BEACH137STREET,Side2_2024-10_P_RMwvw_H_356_Off_-10.jpg,83.4,1,1,1,door_conf=0.97 | door_size=0.005 | center=0.77 | stairs_conf=0.98 | stairs_under=True | align=1.00
2-10BEACH142STREET,Side1_2022-07_P_Oyf1g_H_30_Off_0.jpg,47.5,1,0,0,door_conf=0.66 | door_size=0.010 | center=0.95 | no_stairs
2-11BEACH133STREET,Center_2022-07_P_BO7pg_H_236_Off_-5.jpg,80.7,1,1,1,door_conf=0.82 | door_size=0.008 | center=0.84 | stairs_conf=0.98 | stairs_under=True | align=1.00
2-12BEACH138STREET,Side2_2018-07_P_N2IkA_H_103_Off_5.jpg,68.0,1,1,1,door_conf=0.49 | door_size=0.005 | center=0.85 | stairs_conf=0.99 | stairs_under=True | align=1.00
2-14BEACH134STREET,Side2_2021-11_P_8lLvA_H_83_Off_-5.jpg,68.6,1,1,1,door_conf=0.61 | door_size=0.007 | center=0.92 | stairs_conf=0.80 | stairs_under=True | align=1.00
2-15BEACH138STREET,Center_2018-07_P_N2IkA_H_239_Off_0.jpg,66.6,1,1,1,door_conf=0.69 | door_size=0.006 | center=0.94 | stairs_conf=0.99 | stairs_under=True | align=0.35
2-18BEACH137STREET,Center_2022-07_P_dLXsQ_H_68_Off_10.jpg,51.5,1,1,0,door_conf=0.80 | door_size=0.003 | center=0.89 | stairs_conf=0.97 | stairs_under=False | align=0.00
2-18BEACH138STREET,Center_2018-07_P_N2IkA_H_63_Off_5.jpg,81.8,1,1,1,door_conf=0.89 | door_size=0.010 | center=0.77 | stairs_conf=0.89 | stairs_under=True | align=1.00
2-18BEACH142STREET,Center_2022-07_P_0YrAg_H_50_Off_-10.jpg,0.0,0,0,0,no_door
2-19BEACH134STREET,Center_2021-11_P_l63Lg_H_222_Off_-10.jpg,0.0,0,0,0,no_door
2-19BEACH138STREET,Side2_2018-07_P_mWRmw_H_249_Off_-10.jpg,58.8,1,0,0,door_conf=0.96 | door_size=0.018 | center=0.88 | no_stairs
2-20BEACH134STREET,Side2_2021-11_P_2pAww_H_93_Off_10.jpg,31.9,1,1,0,door_conf=0.31 | door_size=0.003 | center=0.81 | stairs_conf=0.84 | stairs_under=False | align=0.00
2-21BEACH137STREET,Center_2022-07_P_Yb4TQ_H_235_Off_-10.jpg,74.8,1,1,1,door_conf=0.60 | door_size=0.009 | center=0.92 | stairs_conf=1.00 | stairs_under=True | align=1.00
2-22BEACH133STREET,Side1_2022-07_P_QGnww_H_40_Off_10.jpg,73.2,1,1,1,door_conf=0.71 | door_size=0.006 | center=0.66 | stairs_conf=0.98 | stairs_under=True | align=1.00
2-22BEACH138STREET,Center_2018-07_P_mWRmw_H_65_Off_5.jpg,74.3,1,1,1,door_conf=0.65 | door_size=0.010 | center=0.77 | stairs_conf=0.96 | stairs_under=True | align=1.00
2-23BEACH133STREET,Center_2022-07_P_bsNPw_H_247_Off_0.jpg,82.5,1,1,1,door_conf=0.83 | door_size=0.006 | center=0.99 | stairs_conf=0.99 | stairs_under=True | align=1.00
2-24BEACH137STREET,Center_2022-07_P_Yb4TQ_H_52_Off_-10.jpg,68.5,1,1,1,door_conf=0.50 | door_size=0.006 | center=0.88 | stairs_conf=0.87 | stairs_under=True | align=1.00
2-26BEACH133STREET,Side2_2022-07_P_E9gqw_H_102_Off_0.jpg,74.8,1,1,1,door_conf=0.77 | door_size=0.009 | center=0.72 | stairs_conf=0.96 | stairs_under=True | align=0.77
2-26BEACH137STREET,Side1_2022-07_P_ZBzyw_H_39_Off_-10.jpg,65.4,1,1,1,door_conf=0.37 | door_size=0.005 | center=0.94 | stairs_conf=0.96 | stairs_under=True | align=1.00
2-27BEACH138STREET,Side1_2018-07_P_dhlaQ_H_225_Off_0.jpg,42.2,1,1,0,door_conf=0.39 | door_size=0.024 | center=0.94 | stairs_conf=0.78 | stairs_under=False | align=1.00
2-28BEACH133STREET,Center_2022-07_P_E9gqw_H_78_Off_0.jpg,71.4,1,1,1,door_conf=0.63 | door_size=0.006 | center=0.98 | stairs_conf=1.00 | stairs_under=True | align=0.60
2-29BEACH133STREET,Side2_2022-07_P_bsNPw_H_273_Off_-5.jpg,81.0,1,1,1,door_conf=0.89 | door_size=0.008 | center=0.71 | stairs_conf=0.99 | stairs_under=True | align=1.00
2-30BEACH142STREET,Center_2022-07_P_ssg0Q_H_67_Off_-10.jpg,0.0,0,0,0,no_door
2-32BEACH134STREET,Center_2021-11_P_uuu9g_H_40_Off_-10.jpg,0.0,0,0,0,no_door
2-32BEACH138STREET,Side1_2018-07_P_VjavQ_H_32_Off_0.jpg,65.5,1,1,1,door_conf=0.54 | door_size=0.006 | center=0.67 | stairs_conf=0.71 | stairs_under=True | align=1.00
2-34BEACH137STREET,Center_2022-07_P_C-gXg_H_58_Off_5.jpg,77.7,1,1,1,door_conf=0.84 | door_size=0.008 | center=0.92 | stairs_conf=0.99 | stairs_under=True | align=1.00
2-35BEACH133STREET,Side2_2022-07_P_BRAjQ_H_254_Off_-10.jpg,62.5,1,1,1,door_conf=0.41 | door_size=0.002 | center=0.75 | stairs_conf=1.00 | stairs_under=True | align=1.00
2-38BEACH133STREET,Center_2022-07_P_TSCTw_H_72_Off_5.jpg,79.3,1,1,1,door_conf=0.81 | door_size=0.008 | center=0.76 | stairs_conf=1.00 | stairs_under=True | align=1.00
2-40BEACH133STREET,Side1_2022-07_P_TSCTw_H_36_Off_0.jpg,76.5,1,1,1,door_conf=0.73 | door_size=0.005 | center=0.84 | stairs_conf=0.99 | stairs_under=True | align=1.00
2-41BEACH133STREET,Side1_2022-07_P_WVGDQ_H_235_Off_10.jpg,43.6,1,1,0,door_conf=0.56 | door_size=0.004 | center=0.88 | stairs_conf=0.99 | stairs_under=False | align=0.00
2-41BEACH138STREET,Center_2018-07_P_Ubiew_H_247_Off_-10.jpg,0.0,0,0,0,no_door
2-42BEACH137STREET,Center_2022-07_P_lj8fw_H_73_Off_5.jpg,70.2,1,1,1,door_conf=0.47 | door_size=0.008 | center=0.96 | stairs_conf=1.00 | stairs_under=True | align=1.00
2-44BEACH133STREET,Center_2022-07_P_WVGDQ_H_52_Off_0.jpg,85.5,1,1,1,door_conf=0.94 | door_size=0.007 | center=0.96 | stairs_conf=1.00 | stairs_under=True | align=0.94
2-45BEACH138STREET,Center_2018-07_P_M9AJw_H_225_Off_-10.jpg,0.0,0,0,0,no_door
2-46BEACH137STREET,Side1_2022-07_P_lj8fw_H_53_Off_5.jpg,71.3,1,1,1,door_conf=0.55 | door_size=0.009 | center=0.82 | stairs_conf=1.00 | stairs_under=True | align=1.00
2-47BEACH133STREET,Side1_2022-07_P_7umtA_H_217_Off_-5.jpg,77.6,1,1,1,door_conf=0.89 | door_size=0.010 | center=0.95 | stairs_conf=0.51 | stairs_under=True | align=0.61
2-50BEACH133STREET,Side2_2022-07_P_zsDAg_H_87_Off_-10.jpg,70.0,1,1,1,door_conf=0.52 | door_size=0.008 | center=0.82 | stairs_conf=1.00 | stairs_under=True | align=1.00
2-50BEACH134STREET,Side2_2022-07_P_ROV9Q_H_85_Off_-10.jpg,55.2,1,1,0,door_conf=0.91 | door_size=0.009 | center=0.70 | stairs_conf=1.00 | stairs_under=False | align=0.00
2-51BEACH133STREET,Center_2022-07_P_zsDAg_H_245_Off_0.jpg,67.1,1,1,1,door_conf=0.32 | door_size=0.017 | center=0.96 | stairs_conf=0.93 | stairs_under=True | align=1.00
2-51BEACH137STREET,Center_2022-07_P_YPaVw_H_236_Off_0.jpg,72.8,1,1,1,door_conf=0.61 | door_size=0.006 | center=0.93 | stairs_conf=0.80 | stairs_under=True | align=1.00
2-54BEACH137STREET,Side2_2022-07_P_9_W4Q_H_95_Off_5.jpg,39.9,1,0,0,door_conf=0.49 | door_size=0.008 | center=0.88 | no_stairs
2-54BEACH138STREET,Side2_2018-07_P_oCUvg_H_105_Off_-5.jpg,63.1,1,0,0,door_conf=0.99 | door_size=0.058 | center=0.77 | no_stairs
2-55BEACH137STREET,Center_2022-07_P_9_W4Q_H_239_Off_-10.jpg,81.4,1,1,1,door_conf=0.85 | door_size=0.010 | center=0.75 | stairs_conf=1.00 | stairs_under=True | align=1.00
2-56BEACH134STREET,Side1_2022-07_P_ROV9Q_H_38_Off_-5.jpg,78.5,1,1,1,door_conf=0.91 | door_size=0.009 | center=0.77 | stairs_conf=0.42 | stairs_under=True | align=1.00
2-58BEACH133STREET,Center_2022-07_P_lij9g_H_71_Off_10.jpg,82.8,1,1,1,door_conf=0.77 | door_size=0.017 | center=0.97 | stairs_conf=0.91 | stairs_under=True | align=1.00
2-59BEACH137STREET,Side2_2022-07_P_9_W4Q_H_282_Off_10.jpg,75.5,1,1,1,door_conf=0.67 | door_size=0.011 | center=0.76 | stairs_conf=1.00 | stairs_under=True | align=1.00
2-61BEACH134STREET,Side1_2022-07_P_MidDQ_H_243_Off_10.jpg,77.7,1,1,1,door_conf=0.69 | door_size=0.009 | center=0.93 | stairs_conf=0.96 | stairs_under=True | align=1.00
2-63BEACH133STREET,Center_2022-07_P_MZfGg_H_222_Off_-10.jpg,0.0,0,0,0,no_door
2-64BEACH133STREET,Side2_2022-07_P_MZfGg_H_95_Off_0.jpg,32.5,1,0,0,door_conf=0.31 | door_size=0.015 | center=0.68 | no_stairs
2-64BEACH137STREET,Center_2022-07_P_GLMbA_H_67_Off_0.jpg,65.2,1,1,1,door_conf=0.31 | door_size=0.008 | center=0.98 | stairs_conf=1.00 | stairs_under=True | align=1.00
2-65BEACH138STREET,Side2_2018-07_P_oCUvg_H_278_Off_-5.jpg,80.7,1,1,1,door_conf=0.82 | door_size=0.009 | center=0.83 | stairs_conf=0.99 | stairs_under=True | align=1.00
2-66BEACH138STREET,Center_2018-07_P_9EItQ_H_60_Off_5.jpg,54.1,1,1,0,door_conf=0.71 | door_size=0.045 | center=0.72 | stairs_conf=0.94 | stairs_under=False | align=0.00
2-67BEACH138STREET,Center_2018-07_P_0zAGQ_H_252_Off_-10.jpg,65.6,1,1,1,door_conf=0.40 | door_size=0.009 | center=0.80 | stairs_conf=0.99 | stairs_under=True | align=1.00
2-68BEACH137STREET,Side1_2022-07_P_GLMbA_H_36_Off_-10.jpg,80.8,1,1,1,door_conf=0.86 | door_size=0.012 | center=0.67 | stairs_conf=0.98 | stairs_under=True | align=1.00
2-70BEACH137STREET,Center_2022-07_P_iBlJQ_H_50_Off_-10.jpg,49.2,1,1,0,door_conf=0.38 | door_size=0.189 | center=0.73 | stairs_conf=1.00 | stairs_under=False | align=0.20
2-70BEACH138STREET,Side1_2018-07_P_9EItQ_H_22_Off_0.jpg,58.2,1,1,1,door_conf=0.36 | door_size=0.009 | center=0.72 | stairs_conf=0.79 | stairs_under=True | align=0.65
2-71BEACH137STREET,Side2_2022-07_P_iBlJQ_H_263_Off_0.jpg,69.4,1,1,1,door_conf=0.53 | door_size=0.004 | center=0.87 | stairs_conf=1.00 | stairs_under=True | align=1.00
2-74BEACH138STREET,Center_2018-07_P_YZ-Pg_H_65_Off_-10.jpg,86.0,1,1,1,door_conf=0.93 | door_size=0.006 | center=0.99 | stairs_conf=0.98 | stairs_under=True | align=1.00
2-75BEACH138STREET,Center_2018-07_P_YZ-Pg_H_261_Off_10.jpg,42.6,1,0,0,door_conf=0.45 | door_size=0.047 | center=0.72 | no_stairs
2-78BEACH138STREET,Center_2018-07_P_3pflg_H_58_Off_-5.jpg,69.1,1,1,1,door_conf=0.57 | door_size=0.007 | center=0.93 | stairs_conf=1.00 | stairs_under=True | align=1.00
2-81BEACH138STREET,Center_2018-07_P_M1d3g_H_145_Off_-10.jpg,0.0,0,0,0,no_door
203BEACH140STREET,Side1_2022-07_P_eZl3w_H_311_Off_5.jpg,76.2,1,1,1,door_conf=0.80 | door_size=0.013 | center=0.93 | stairs_conf=0.98 | stairs_under=True | align=0.35
205BEACH136STREET,Center_2022-07_P_eeSIQ_H_232_Off_0.jpg,53.3,1,1,0,door_conf=0.73 | door_size=0.027 | center=0.74 | stairs_conf=0.98 | stairs_under=False | align=0.00
210BEACH140STREET,Side1_2022-07_P_I9QJw_H_39_Off_10.jpg,46.2,1,0,0,door_conf=0.78 | door_size=0.005 | center=0.73 | no_stairs
211BEACH130STREET,Center_2022-07_P_AicYw_H_245_Off_10.jpg,75.0,1,1,1,door_conf=0.67 | door_size=0.005 | center=0.90 | stairs_conf=0.96 | stairs_under=True | align=1.00
211BEACH135STREET,Center_2022-07_P_b2Bmw_H_232_Off_-5.jpg,51.6,1,1,0,door_conf=0.77 | door_size=0.007 | center=0.85 | stairs_conf=1.00 | stairs_under=False | align=0.00
211BEACH136STREET,Side1_2022-07_P_4WB5Q_H_229_Off_5.jpg,65.0,1,1,1,door_conf=0.41 | door_size=0.006 | center=0.81 | stairs_conf=1.00 | stairs_under=True | align=1.00
211BEACH139STREET,Center_2018-07_P_T9Xog_H_232_Off_-10.jpg,0.0,0,0,0,no_door
211BEACH141STREET,Side1_2022-07_P_MX7tg_H_273_Off_-5.jpg,41.2,1,0,0,door_conf=0.37 | door_size=0.085 | center=0.65 | no_stairs
212BEACH136STREET,Center_2022-07_P_4WB5Q_H_73_Off_-5.jpg,47.8,1,0,0,door_conf=0.66 | door_size=0.009 | center=0.98 | no_stairs
212BEACH139STREET,Center_2018-07_P_PG2iA_H_78_Off_0.jpg,69.6,1,1,1,door_conf=0.48 | door_size=0.010 | center=0.83 | stairs_conf=0.99 | stairs_under=True | align=1.00
212BEACH141STREET,Side1_2022-07_P_4kQIA_H_337_Off_-10.jpg,0.0,0,0,0,no_door
214BEACH138STREET,Center_2018-07_P_N2IkA_H_78_Off_0.jpg,75.9,1,1,1,door_conf=0.70 | door_size=0.005 | center=0.88 | stairs_conf=1.00 | stairs_under=True | align=1.00
215BEACH141STREET,Side1_2022-07_P_MX7tg_H_291_Off_-10.jpg,0.0,0,0,0,no_door
216BEACH136STREET,Center_2022-07_P_4WB5Q_H_54_Off_0.jpg,49.6,1,1,0,door_conf=0.70 | door_size=0.012 | center=0.80 | stairs_conf=0.93 | stairs_under=False | align=0.00
217BEACH137STREET,Center_2022-07_P_dLXsQ_H_240_Off_-5.jpg,82.6,1,1,1,door_conf=0.87 | door_size=0.006 | center=0.98 | stairs_conf=0.87 | stairs_under=True | align=1.00
217BEACH139STREET,Side2_2018-07_P_PG2iA_H_274_Off_5.jpg,60.0,1,1,0,door_conf=0.98 | door_size=0.077 | center=0.65 | stairs_conf=0.35 | stairs_under=False | align=0.00
218BEACH131STREET,Side2_2021-11_P_Aoj8g_H_70_Off_-10.jpg,74.7,1,1,1,door_conf=0.72 | door_size=0.007 | center=0.96 | stairs_conf=1.00 | stairs_under=True | align=1.00
218BEACH135STREET,Center_2022-07_P_7XfwQ_H_68_Off_0.jpg,45.8,1,0,0,door_conf=0.61 | door_size=0.011 | center=0.94 | no_stairs
218BEACH139STREET,Side2_2019-08_P_pm_hg_H_103_Off_-10.jpg,86.7,1,1,1,door_conf=0.96 | door_size=0.015 | center=0.78 | stairs_conf=1.00 | stairs_under=True | align=1.00
218BEACH140STREET,Center_2022-07_P_JeTqw_H_49_Off_-5.jpg,80.8,1,1,1,door_conf=0.75 | door_size=0.014 | center=0.89 | stairs_conf=0.99 | stairs_under=True | align=1.00
218BEACH141STREET,Side1_2022-07_P_4kQIA_H_334_Off_-10.jpg,0.0,0,0,0,no_door
219BEACH131STREET,Center_2021-11_P_Aoj8g_H_246_Off_5.jpg,70.4,1,1,1,door_conf=0.58 | door_size=0.007 | center=0.96 | stairs_conf=0.56 | stairs_under=True | align=1.00
219BEACH135STREET,Side2_2022-07_P_b2Bmw_H_262_Off_-10.jpg,51.3,1,0,0,door_conf=0.86 | door_size=0.006 | center=0.82 | no_stairs
219BEACH141STREET,Center_2022-07_P_H7SEA_H_31_Off_-10.jpg,0.0,0,0,0,no_door
220BEACH132STREET,Side1_2019-08_P_W7J4w_H_52_Off_10.jpg,49.5,1,1,0,door_conf=0.52 | door_size=0.076 | center=0.71 | stairs_conf=0.94 | stairs_under=False | align=1.00
220BEACH136STREET,Side1_2022-07_P_Dn2jw_H_47_Off_-10.jpg,83.2,1,1,1,door_conf=0.83 | door_size=0.009 | center=0.98 | stairs_conf=0.97 | stairs_under=True | align=1.00
220BEACH141STREET,Center_2022-07_P_JeTqw_H_261_Off_5.jpg,84.6,1,1,1,door_conf=0.94 | door_size=0.005 | center=0.98 | stairs_conf=0.85 | stairs_under=True | align=1.00
221BEACH135STREET,Center_2022-07_P_7XfwQ_H_223_Off_-10.jpg,0.0,0,0,0,no_door
221BEACH136STREET,Center_2022-07_P_Dn2jw_H_246_Off_-10.jpg,0.0,0,0,0,no_door
222BEACH131STREET,Side1_2021-11_P_Aoj8g_H_59_Off_10.jpg,77.4,1,1,1,door_conf=0.73 | door_size=0.008 | center=0.84 | stairs_conf=1.00 | stairs_under=True | align=1.00
222BEACH135STREET,Center_2022-07_P_dqvHQ_H_58_Off_-5.jpg,77.8,1,1,1,door_conf=0.64 | door_size=0.011 | center=0.99 | stairs_conf=1.00 | stairs_under=True | align=1.00
222BEACH140STREET,Side1_2022-07_P_JeTqw_H_17_Off_-10.jpg,83.1,1,1,1,door_conf=0.87 | door_size=0.017 | center=0.76 | stairs_conf=0.92 | stairs_under=True | align=1.00
223BEACH132STREET,Center_2019-08_P_uHR3g_H_252_Off_-5.jpg,82.9,1,1,1,door_conf=0.84 | door_size=0.012 | center=0.85 | stairs_conf=1.00 | stairs_under=True | align=1.00
223BEACH135STREET,Side2_2022-07_P_YZ86w_H_284_Off_-5.jpg,55.0,1,0,0,door_conf=0.75 | door_size=0.083 | center=0.67 | no_stairs
223BEACH139STREET,Side1_2019-08_P_pm_hg_H_232_Off_0.jpg,88.1,1,1,1,door_conf=0.96 | door_size=0.014 | center=0.90 | stairs_conf=0.98 | stairs_under=True | align=1.00
224BEACH136STREET,Side2_2022-07_P_678sw_H_93_Off_-5.jpg,57.3,1,1,1,door_conf=0.31 | door_size=0.003 | center=0.86 | stairs_conf=0.53 | stairs_under=True | align=1.00
224BEACH141STREET,Center_2022-07_P_JeTqw_H_259_Off_-5.jpg,83.6,1,1,1,door_conf=0.92 | door_size=0.005 | center=0.97 | stairs_conf=0.81 | stairs_under=True | align=1.00
224BEACH142STREET,Center_2022-07_P_EDDpg_H_42_Off_-10.jpg,0.0,0,0,0,no_door
225BEACH131STREET,Side1_2019-11_P_3hFrQ_H_201_Off_-10.jpg,35.7,1,0,0,door_conf=0.32 | door_size=0.008 | center=1.00 | no_stairs
225BEACH136STREET,Center_2022-07_P_GDiuQ_H_252_Off_5.jpg,80.9,1,1,1,door_conf=0.72 | door_size=0.019 | center=0.89 | stairs_conf=0.99 | stairs_under=True | align=1.00
226BEACH135STREET,Center_2022-07_P_ai9lw_H_63_Off_-10.jpg,83.7,1,1,1,door_conf=0.89 | door_size=0.010 | center=0.98 | stairs_conf=0.73 | stairs_under=True | align=1.00
226BEACH139STREET,Side1_2018-07_P_hOKFg_H_11_Off_0.jpg,0.0,0,0,0,no_door
226BEACH141STREET,Center_2022-07_P_bAHLg_H_215_Off_-10.jpg,0.0,0,0,0,no_door
227BEACH135STREET,Center_2022-07_P_ai9lw_H_247_Off_5.jpg,56.9,1,1,0,door_conf=0.90 | door_size=0.008 | center=0.87 | stairs_conf=1.00 | stairs_under=False | align=0.00
227BEACH139STREET,Side1_2019-08_P_pm_hg_H_274_Off_-10.jpg,38.4,1,1,0,door_conf=0.32 | door_size=0.008 | center=0.98 | stairs_conf=0.99 | stairs_under=False | align=0.00
227BEACH141STREET,Center_2022-07_P_ssg0Q_H_67_Off_-10.jpg,0.0,0,0,0,no_door
228BEACH140STREET,Center_2022-07_P_MhoUg_H_55_Off_-10.jpg,80.6,1,1,1,door_conf=0.87 | door_size=0.005 | center=0.96 | stairs_conf=0.97 | stairs_under=True | align=0.77
229BEACH136STREET,Center_2022-07_P_B5qzw_H_232_Off_-10.jpg,68.6,1,1,1,door_conf=0.45 | door_size=0.009 | center=0.85 | stairs_conf=1.00 | stairs_under=True | align=1.00
229BEACH140STREET,Center_2022-07_P_bAHLg_H_221_Off_-10.jpg,0.0,0,0,0,no_door
230BEACH136STREET,Center_2022-07_P_B5qzw_H_66_Off_-5.jpg,77.7,1,1,1,door_conf=0.65 | door_size=0.020 | center=0.97 | stairs_conf=0.72 | stairs_under=True | align=1.00
230BEACH141STREET,Side1_2022-07_P_oYfGg_H_118_Off_-10.jpg,0.0,0,0,0,no_door
231BEACH141STREET,Side2_2022-07_P_oYfGg_H_192_Off_5.jpg,44.8,1,1,0,door_conf=0.63 | door_size=0.003 | center=0.82 | stairs_conf=0.99 | stairs_under=False | align=0.00
233BEACH132STREET,Center_2019-08_P_HPDqA_H_236_Off_-10.jpg,79.4,1,1,1,door_conf=0.75 | door_size=0.007 | center=0.94 | stairs_conf=1.00 | stairs_under=True | align=1.00
233BEACH136STREET,Side2_2022-07_P_B5qzw_H_268_Off_-5.jpg,75.0,1,1,1,door_conf=0.66 | door_size=0.012 | center=0.74 | stairs_conf=1.00 | stairs_under=True | align=1.00
234BEACH135STREET,Side2_2022-07_P_I49Eg_H_95_Off_5.jpg,50.6,1,1,0,door_conf=0.73 | door_size=0.004 | center=0.95 | stairs_conf=1.00 | stairs_under=False | align=0.10
234BEACH140STREET,Side2_2022-07_P_MljKw_H_94_Off_0.jpg,85.1,1,1,1,door_conf=0.92 | door_size=0.006 | center=0.99 | stairs_conf=0.92 | stairs_under=True | align=1.00
235BEACH130STREET,Center_2022-07_P_6mXnA_H_241_Off_0.jpg,81.6,1,1,1,door_conf=0.76 | door_size=0.011 | center=0.98 | stairs_conf=0.99 | stairs_under=True | align=1.00
235BEACH135STREET,Center_2022-07_P_I49Eg_H_242_Off_5.jpg,81.2,1,1,1,door_conf=0.80 | door_size=0.006 | center=0.97 | stairs_conf=0.99 | stairs_under=True | align=1.00
235BEACH140STREET,Center_2022-07_P_Lv3nA_H_236_Off_-5.jpg,78.2,1,1,1,door_conf=0.85 | door_size=0.003 | center=0.80 | stairs_conf=0.93 | stairs_under=True | align=1.00
236BEACH141STREET,Side1_2022-07_P_oYfGg_H_104_Off_-5.jpg,0.0,0,0,0,no_door
237BEACH141STREET,Side2_2022-07_P_oYfGg_H_191_Off_-10.jpg,46.3,1,1,0,door_conf=0.68 | door_size=0.004 | center=0.81 | stairs_conf=0.97 | stairs_under=False | align=0.00
238BEACH132STREET,Side2_2019-08_P_Bkq_A_H_97_Off_10.jpg,64.9,1,1,1,door_conf=0.35 | door_size=0.006 | center=0.93 | stairs_conf=0.99 | stairs_under=True | align=1.00
238BEACH141STREET,Side1_2022-07_P_oYfGg_H_102_Off_10.jpg,0.0,0,0,0,no_door
239BEACH136STREET,Side2_2022-07_P_lt-pw_H_272_Off_0.jpg,78.0,1,1,1,door_conf=0.79 | door_size=0.007 | center=0.77 | stairs_conf=0.98 | stairs_under=True | align=1.00
239BEACH140STREET,Center_2022-07_P_FKy7Q_H_233_Off_-10.jpg,0.0,0,0,0,no_door
240BEACH131STREET,Center_2022-07_P_EbaFQ_H_79_Off_10.jpg,80.6,1,1,1,door_conf=0.80 | door_size=0.010 | center=0.83 | stairs_conf=1.00 | stairs_under=True | align=1.00
240BEACH135STREET,Center_2022-07_P_I49Eg_H_58_Off_5.jpg,66.7,1,1,1,door_conf=0.55 | door_size=0.007 | center=0.84 | stairs_conf=0.99 | stairs_under=True | align=0.56
241BEACH132STREET,Side2_2019-08_P_Bkq_A_H_247_Off_-10.jpg,37.8,1,1,0,door_conf=0.37 | door_size=0.003 | center=0.98 | stairs_conf=0.99 | stairs_under=False | align=0.00
241BEACH139STREET,Side1_2013-01_P_ls6-A_H_174_Off_-10.jpg,0.0,0,0,0,no_door
242BEACH141STREET,Side1_2022-07_P_oYfGg_H_60_Off_-10.jpg,0.0,0,0,0,no_door
244BEACH135STREET,Center_2022-07_P_LGAoA_H_69_Off_-5.jpg,78.1,1,1,1,door_conf=0.88 | door_size=0.005 | center=0.95 | stairs_conf=0.99 | stairs_under=True | align=1.00
244BEACH141STREET,Center_2022-07_P_jQJZQ_H_59_Off_-10.jpg,40.6,1,1,0,door_conf=0.42 | door_size=0.009 | center=0.92 | stairs_conf=0.88 | stairs_under=False | align=0.00
245BEACH139STREET,Side1_2013-01_P_ls6-A_H_205_Off_5.jpg,61.4,1,1,1,door_conf=0.47 | door_size=0.008 | center=0.71 | stairs_conf=0.99 | stairs_under=True | align=0.51
248BEACH136STREET,Center_2022-07_P_0Ho0A_H_53_Off_-10.jpg,0.0,0,0,0,no_door
248BEACH140STREET,Center_2022-07_P_FKy7Q_H_66_Off_0.jpg,56.5,1,0,0,door_conf=0.91 | door_size=0.009 | center=0.98 | no_stairs
249BEACH135STREET,Center_2022-07_P_YXEhQ_H_247_Off_-10.jpg,0.0,0,0,0,no_door
249BEACH139STREET,Center_2013-01_P_ls6-A_H_245_Off_10.jpg,58.0,1,1,0,door_conf=0.84 | door_size=0.016 | center=0.93 | stairs_conf=1.00 | stairs_under=False | align=0.00
250BEACH135STREET,Center_2022-07_P_v4KQw_H_61_Off_-10.jpg,0.0,0,0,0,no_door
250BEACH137STREET,Center_2022-07_P_r8Diw_H_77_Off_10.jpg,78.4,1,1,1,door_conf=0.79 | door_size=0.009 | center=0.74 | stairs_conf=1.00 | stairs_under=True | align=1.00
250BEACH140STREET,Side2_2022-07_P_L4miw_H_87_Off_-10.jpg,42.5,1,1,0,door_conf=0.66 | door_size=0.004 | center=0.88 | stairs_conf=0.43 | stairs_under=False | align=0.00
251BEACH132STREET,Center_2022-07_P_Pc_Mg_H_247_Off_5.jpg,80.3,1,1,1,door_conf=0.78 | door_size=0.006 | center=0.99 | stairs_conf=0.99 | stairs_under=True | align=1.00
251BEACH135STREET,Center_2022-07_P_kyF7Q_H_232_Off_-10.jpg,0.0,0,0,0,no_door
251BEACH140STREET,Side1_2022-07_P_jZvLA_H_235_Off_10.jpg,38.9,1,1,0,door_conf=0.34 | door_size=0.016 | center=0.84 | stairs_conf=0.98 | stairs_under=False | align=0.00
252BEACH141STREET,Side2_2013-01_P_7krMg_H_102_Off_5.jpg,74.0,1,1,1,door_conf=0.71 | door_size=0.005 | center=0.86 | stairs_conf=0.76 | stairs_under=True | align=1.00
254BEACH135STREET,Side2_2022-07_P_7ap4Q_H_87_Off_-10.jpg,67.5,1,1,1,door_conf=0.46 | door_size=0.010 | center=0.78 | stairs_conf=0.94 | stairs_under=True | align=1.00
254BEACH136STREET,Center_2022-07_P_dN3QA_H_62_Off_-10.jpg,0.0,0,0,0,no_door
254BEACH141STREET,Center_2013-01_P_7krMg_H_83_Off_5.jpg,80.1,1,1,1,door_conf=0.83 | door_size=0.004 | center=0.93 | stairs_conf=0.89 | stairs_under=True | align=1.00
255BEACH141STREET,Center_2013-01_P_7krMg_H_249_Off_-5.jpg,69.9,1,1,1,door_conf=0.60 | door_size=0.011 | center=0.84 | stairs_conf=0.98 | stairs_under=True | align=1.00
256BEACH131STREET,Center_2022-07_P_ANMQA_H_66_Off_0.jpg,84.2,1,1,1,door_conf=0.75 | door_size=0.024 | center=0.97 | stairs_conf=1.00 | stairs_under=True | align=1.00
256BEACH135STREET,Side2_2022-07_P_OTMuw_H_96_Off_-10.jpg,64.2,1,1,1,door_conf=0.35 | door_size=0.012 | center=0.75 | stairs_conf=0.98 | stairs_under=True | align=1.00
256BEACH141STREET,Center_2018-07_P_YCymg_H_73_Off_-5.jpg,79.4,1,1,1,door_conf=0.77 | door_size=0.010 | center=0.82 | stairs_conf=0.99 | stairs_under=True | align=1.00
257BEACH135STREET,Side2_2022-07_P_kyF7Q_H_273_Off_0.jpg,67.4,1,1,1,door_conf=0.46 | door_size=0.012 | center=0.69 | stairs_conf=1.00 | stairs_under=True | align=1.00
257BEACH140STREET,Side1_2022-07_P_vmbjQ_H_237_Off_10.jpg,61.7,1,1,1,door_conf=0.34 | door_size=0.004 | center=0.80 | stairs_conf=0.98 | stairs_under=True | align=1.00
258BEACH131STREET,Side1_2022-07_P_wYtiQ_H_55_Off_5.jpg,53.8,1,1,0,door_conf=0.74 | door_size=0.032 | center=0.71 | stairs_conf=0.98 | stairs_under=False | align=0.00
258BEACH135STREET,Center_2022-07_P_OTMuw_H_79_Off_5.jpg,82.5,1,1,1,door_conf=0.81 | door_size=0.009 | center=0.94 | stairs_conf=0.99 | stairs_under=True | align=1.00
258BEACH140STREET,Side2_2022-07_P_vmbjQ_H_77_Off_-10.jpg,30.4,1,1,0,door_conf=0.32 | door_size=0.005 | center=0.87 | stairs_conf=0.96 | stairs_under=False | align=0.26
258BEACH141STREET,Center_2018-07_P_YCymg_H_49_Off_-5.jpg,76.6,1,1,1,door_conf=0.66 | door_size=0.009 | center=0.92 | stairs_conf=0.99 | stairs_under=True | align=1.00
259BEACH131STREET,Center_2022-07_P_Wk-IQ_H_232_Off_-10.jpg,72.7,1,1,1,door_conf=0.60 | door_size=0.015 | center=0.94 | stairs_conf=0.50 | stairs_under=True | align=1.00
259BEACH139STREET,Side2_2013-01_P_ls6-A_H_254_Off_-5.jpg,57.9,1,1,0,door_conf=0.89 | door_size=0.017 | center=0.84 | stairs_conf=0.89 | stairs_under=False | align=0.00
260BEACH132STREET,Side1_2022-07_P_HmWLg_H_37_Off_10.jpg,74.7,1,1,1,door_conf=0.65 | door_size=0.014 | center=0.73 | stairs_conf=0.95 | stairs_under=True | align=1.00
261BEACH135STREET,Side1_2022-07_P_hKS7A_H_219_Off_-10.jpg,68.0,1,1,1,door_conf=0.45 | door_size=0.009 | center=0.85 | stairs_conf=0.99 | stairs_under=True | align=1.00
261BEACH136STREET,Center_2022-07_P_M4Drg_H_244_Off_-10.jpg,74.2,1,1,1,door_conf=0.62 | door_size=0.009 | center=0.85 | stairs_conf=0.98 | stairs_under=True | align=1.00
262BEACH131STREET,Side1_2022-07_P_Wk-IQ_H_46_Off_0.jpg,46.6,1,1,0,door_conf=0.81 | door_size=0.012 | center=0.66 | stairs_conf=0.32 | stairs_under=False | align=1.00
262BEACH135STREET,Center_2022-07_P_hKS7A_H_71_Off_-5.jpg,75.1,1,1,1,door_conf=0.70 | door_size=0.005 | center=0.83 | stairs_conf=1.00 | stairs_under=True | align=1.00
262BEACH140STREET,Side2_2022-07_P_6Ludg_H_87_Off_-10.jpg,86.6,1,1,1,door_conf=0.98 | door_size=0.009 | center=0.84 | stairs_conf=0.98 | stairs_under=True | align=1.00
263BEACH132STREET,Side1_2022-07_P_It9mQ_H_226_Off_-5.jpg,46.7,1,1,0,door_conf=0.45 | door_size=0.062 | center=0.74 | stairs_conf=0.96 | stairs_under=False | align=0.00
264BEACH132STREET,Side1_2022-07_P_tBkLg_H_42_Off_5.jpg,71.3,1,1,1,door_conf=0.56 | door_size=0.011 | center=0.75 | stairs_conf=1.00 | stairs_under=True | align=1.00
264BEACH135STREET,Center_2022-07_P_hKS7A_H_54_Off_0.jpg,67.2,1,1,1,door_conf=0.42 | door_size=0.004 | center=0.97 | stairs_conf=1.00 | stairs_under=True | align=1.00
264BEACH136STREET,Center_2022-07_P_CbHOQ_H_52_Off_-10.jpg,0.0,0,0,0,no_door
264BEACH139STREET,Side2_2013-01_P_ePJ-g_H_95_Off_0.jpg,74.3,1,1,1,door_conf=0.72 | door_size=0.003 | center=0.84 | stairs_conf=0.93 | stairs_under=True | align=1.00
264BEACH141STREET,Center_2018-07_P_6JHKA_H_64_Off_10.jpg,79.7,1,1,1,door_conf=0.79 | door_size=0.006 | center=0.92 | stairs_conf=0.93 | stairs_under=True | align=1.00
265BEACH135STREET,Center_2022-07_P_hKS7A_H_243_Off_-10.jpg,74.9,1,1,1,door_conf=0.64 | door_size=0.007 | center=0.89 | stairs_conf=0.99 | stairs_under=True | align=1.00
265BEACH139STREET,Side2_2013-01_P_Q0lCw_H_282_Off_-5.jpg,47.6,1,1,0,door_conf=0.55 | door_size=0.013 | center=0.95 | stairs_conf=1.00 | stairs_under=False | align=0.00
265BEACH140STREET,Center_2022-07_P_6Ludg_H_245_Off_-10.jpg,76.9,1,1,1,door_conf=0.73 | door_size=0.005 | center=0.88 | stairs_conf=1.00 | stairs_under=True | align=1.00
266BEACH131STREET,Side1_2024-10_P_6jNpA_H_124_Off_-10.jpg,45.3,1,0,0,door_conf=0.54 | door_size=0.036 | center=0.76 | no_stairs
266BEACH140STREET,Center_2022-07_P_6Ludg_H_69_Off_0.jpg,88.6,1,1,1,door_conf=0.99 | door_size=0.008 | center=0.97 | stairs_conf=0.99 | stairs_under=True | align=1.00
267BEACH136STREET,Center_2022-07_P_E0QoA_H_243_Off_-5.jpg,74.2,1,1,1,door_conf=0.57 | door_size=0.011 | center=0.93 | stairs_conf=0.99 | stairs_under=True | align=1.00
267BEACH141STREET,Center_2018-07_P_qYu2A_H_240_Off_-5.jpg,71.9,1,1,1,door_conf=0.64 | door_size=0.003 | center=0.81 | stairs_conf=1.00 | stairs_under=True | align=1.00
268BEACH132STREET,Center_2024-10_P_KNQDQ_H_143_Off_-10.jpg,0.0,0,0,0,no_door
268BEACH135STREET,Center_2022-07_P_j_h_w_H_63_Off_5.jpg,82.1,1,1,1,door_conf=0.89 | door_size=0.008 | center=0.85 | stairs_conf=1.00 | stairs_under=True | align=0.86
268BEACH136STREET,Center_2022-07_P_E0QoA_H_65_Off_-5.jpg,47.4,1,0,0,door_conf=0.66 | door_size=0.009 | center=0.97 | no_stairs
268BEACH139STREET,Side1_2013-01_P_lYwaA_H_28_Off_5.jpg,69.7,1,1,1,door_conf=0.55 | door_size=0.008 | center=0.74 | stairs_conf=0.99 | stairs_under=True | align=1.00
268BEACH140STREET,Side1_2022-07_P_6Ludg_H_55_Off_10.jpg,86.2,1,1,1,door_conf=0.98 | door_size=0.011 | center=0.81 | stairs_conf=0.94 | stairs_under=True | align=1.00
268BEACH141STREET,Side1_2018-07_P_YCymg_H_27_Off_10.jpg,74.0,1,1,1,door_conf=0.75 | door_size=0.004 | center=0.66 | stairs_conf=0.98 | stairs_under=True | align=1.00
269BEACH135STREET,Center_2022-07_P_j_h_w_H_254_Off_5.jpg,77.6,1,1,1,door_conf=0.75 | door_size=0.005 | center=0.88 | stairs_conf=0.98 | stairs_under=True | align=1.00
269BEACH140STREET,Center_2022-07_P_E81bg_H_233_Off_-10.jpg,69.1,1,1,1,door_conf=0.49 | door_size=0.012 | center=0.77 | stairs_conf=0.99 | stairs_under=True | align=1.00
270BEACH141STREET,Side1_2018-07_P_6JHKA_H_44_Off_5.jpg,76.8,1,1,1,door_conf=0.72 | door_size=0.008 | center=0.87 | stairs_conf=0.92 | stairs_under=True | align=1.00
271BEACH135STREET,Side2_2022-07_P_VCRng_H_260_Off_0.jpg,55.0,1,1,1,door_conf=0.31 | door_size=0.010 | center=0.95 | stairs_conf=0.98 | stairs_under=True | align=0.41
271BEACH139STREET,Side2_2013-01_P_lYwaA_H_280_Off_-10.jpg,68.4,1,1,1,door_conf=0.49 | door_size=0.007 | center=0.81 | stairs_conf=1.00 | stairs_under=True | align=1.00
271BEACH141STREET,Center_2018-07_P_yUE5A_H_240_Off_0.jpg,89.2,1,1,1,door_conf=0.92 | door_size=0.020 | center=0.95 | stairs_conf=1.00 | stairs_under=True | align=1.00
272BEACH136STREET,Side1_2022-07_P_E0QoA_H_38_Off_10.jpg,46.0,1,0,0,door_conf=0.71 | door_size=0.009 | center=0.73 | no_stairs
272BEACH140STREET,Center_2022-07_P_O-RPQ_H_67_Off_10.jpg,57.4,1,0,0,door_conf=0.98 | door_size=0.007 | center=0.92 | no_stairs
273BEACH136STREET,Center_2022-07_P_CinOg_H_237_Off_5.jpg,64.3,1,1,1,door_conf=0.34 | door_size=0.006 | center=0.89 | stairs_conf=1.00 | stairs_under=True | align=1.00
273BEACH139STREET,Side1_2013-01_P_faaOg_H_221_Off_5.jpg,41.1,1,0,0,door_conf=0.46 | door_size=0.011 | center=0.95 | no_stairs
274BEACH139STREET,Side2_2013-01_P_faaOg_H_90_Off_0.jpg,41.5,1,0,0,door_conf=0.58 | door_size=0.002 | center=0.97 | no_stairs
274BEACH141STREET,Center_2018-07_P_yUE5A_H_74_Off_-5.jpg,65.6,1,1,1,door_conf=0.51 | door_size=0.006 | center=0.96 | stairs_conf=0.33 | stairs_under=True | align=1.00
276BEACH140STREET,Side1_2022-07_P_E81bg_H_56_Off_10.jpg,44.2,1,1,0,door_conf=0.34 | door_size=0.048 | center=0.90 | stairs_conf=0.94 | stairs_under=False | align=0.00
277BEACH141STREET,Center_2018-07_P_9kCeg_H_238_Off_5.jpg,32.8,1,1,0,door_conf=0.35 | door_size=0.004 | center=0.65 | stairs_conf=0.98 | stairs_under=False | align=0.00
278BEACH141STREET,Side1_2018-07_P_yUE5A_H_46_Off_10.jpg,37.6,1,0,0,door_conf=0.50 | door_size=0.008 | center=0.71 | no_stairs
280BEACH140STREET,Center_2022-07_P_fWMaQ_H_61_Off_-10.jpg,0.0,0,0,0,no_door
284BEACH140STREET,Center_2007-09_P_sU96A_H_53_Off_-10.jpg,68.1,1,1,1,door_conf=0.35 | door_size=0.018 | center=0.96 | stairs_conf=0.89 | stairs_under=True | align=1.00
3-04BEACH142STREET,Center_2022-07_P_uOpDA_H_88_Off_10.jpg,58.9,1,1,1,door_conf=0.31 | door_size=0.008 | center=0.92 | stairs_conf=0.34 | stairs_under=True | align=1.00
3-10BEACH142STREET,Center_2022-07_P_pQGWg_H_49_Off_-10.jpg,0.0,0,0,0,no_door
3-16BEACH142STREET,Center_2022-07_P_Ve3XQ_H_54_Off_-10.jpg,0.0,0,0,0,no_door
3-22BEACH142STREET,Center_2022-07_P_ci9Gg_H_65_Off_0.jpg,69.5,1,1,1,door_conf=0.48 | door_size=0.006 | center=0.99 | stairs_conf=0.90 | stairs_under=True | align=1.00
3-26BEACH142STREET,Center_2022-07_P_uxIKA_H_61_Off_-10.jpg,0.0,0,0,0,no_door
3-30BEACH142STREET,Side2_2022-07_P_3WcSA_H_97_Off_10.jpg,80.0,1,1,1,door_conf=0.81 | door_size=0.006 | center=0.87 | stairs_conf=1.00 | stairs_under=True | align=1.00
3-36BEACH142STREET,Center_2022-07_P_ttaSg_H_58_Off_-10.jpg,0.0,0,0,0,no_door
3-42BEACH142STREET,Center_2022-07_P_VsbDA_H_62_Off_10.jpg,85.6,1,1,1,door_conf=0.94 | door_size=0.006 | center=0.93 | stairs_conf=1.00 | stairs_under=True | align=1.00
3-50BEACH142STREET,Side2_2022-07_P_4Jppw_H_93_Off_-10.jpg,52.0,1,0,0,door_conf=0.85 | door_size=0.012 | center=0.75 | no_stairs
3-56BEACH142STREET,Center_2022-07_P_4Jppw_H_70_Off_10.jpg,53.8,1,0,0,door_conf=0.90 | door_size=0.016 | center=0.97 | no_stairs
4-02BEACH131STREET,Side2_2024-10_P_6jNpA_H_11_Off_0.jpg,31.9,1,0,0,door_conf=0.41 | door_size=0.004 | center=0.66 | no_stairs
4-02BEACH134STREET,Center_2022-07_P_civNw_H_344_Off_0.jpg,77.1,1,1,1,door_conf=0.63 | door_size=0.015 | center=0.98 | stairs_conf=0.86 | stairs_under=True | align=1.00
4-05BEACH130STREET,Center_2022-07_P_lAYkg_H_251_Off_-10.jpg,73.4,1,1,1,door_conf=0.74 | door_size=0.006 | center=0.87 | stairs_conf=0.48 | stairs_under=True | align=1.00
4-06BEACH134STREET,Center_2022-07_P_nM9vQ_H_90_Off_10.jpg,44.2,1,0,0,door_conf=0.42 | door_size=0.100 | center=0.68 | no_stairs
4-10BEACH133STREET,Side1_2022-07_P_7AqRg_H_29_Off_-5.jpg,66.6,1,0,0,door_conf=0.97 | door_size=0.172 | center=0.72 | no_stairs
4-10BEACH134STREET,Side2_2022-07_P_BOHZg_H_85_Off_-10.jpg,75.3,1,1,1,door_conf=0.65 | door_size=0.007 | center=0.94 | stairs_conf=0.94 | stairs_under=True | align=1.00
4-11BEACH133STREET,Center_2022-07_P_v-mAg_H_240_Off_-10.jpg,0.0,0,0,0,no_door
4-14BEACH133STREET,Center_2022-07_P_KRMZg_H_64_Off_0.jpg,43.4,1,0,0,door_conf=0.49 | door_size=0.042 | center=0.71 | no_stairs
4-14BEACH134STREET,Center_2022-07_P_BOHZg_H_73_Off_0.jpg,78.6,1,1,1,door_conf=0.78 | door_size=0.009 | center=0.80 | stairs_conf=0.94 | stairs_under=True | align=1.00
4-15BEACH133STREET,Side2_2022-07_P_v-mAg_H_277_Off_-5.jpg,64.9,1,1,0,door_conf=0.94 | door_size=0.095 | center=0.66 | stairs_conf=0.99 | stairs_under=False | align=0.00
4-15BEACH134STREET,Side1_2022-07_P_gYuig_H_222_Off_10.jpg,53.2,1,1,0,door_conf=0.84 | door_size=0.012 | center=0.68 | stairs_conf=0.99 | stairs_under=False | align=0.00
4-18BEACH133STREET,Side1_2022-07_P_KRMZg_H_43_Off_5.jpg,45.7,1,1,0,door_conf=0.74 | door_size=0.022 | center=0.58 | stairs_conf=0.38 | stairs_under=False | align=0.98
4-19BEACH133STREET,Side2_2022-07_P_v-mAg_H_279_Off_-10.jpg,64.8,1,1,0,door_conf=0.95 | door_size=0.094 | center=0.67 | stairs_conf=0.92 | stairs_under=False | align=0.00
4-23BEACH133STREET,Center_2022-07_P_FQ_wQ_H_249_Off_10.jpg,79.6,1,1,1,door_conf=0.80 | door_size=0.006 | center=0.86 | stairs_conf=1.00 | stairs_under=True | align=1.00
4-24BEACH133STREET,Center_2022-07_P_FQ_wQ_H_63_Off_-10.jpg,35.0,1,1,0,door_conf=0.32 | door_size=0.008 | center=0.76 | stairs_conf=0.98 | stairs_under=False | align=0.06
4-30BEACH133STREET,Side2_2022-07_P_LfEZg_H_72_Off_-10.jpg,86.4,1,1,1,door_conf=0.93 | door_size=0.010 | center=0.92 | stairs_conf=0.97 | stairs_under=True | align=1.00
4-34BEACH133STREET,Side1_2022-07_P_LfEZg_H_54_Off_10.jpg,80.6,1,1,1,door_conf=0.95 | door_size=0.013 | center=0.70 | stairs_conf=0.99 | stairs_under=True | align=1.00
4-38BEACH133STREET,Center_2022-07_P_1T2sQ_H_74_Off_0.jpg,58.3,1,0,0,door_conf=0.97 | door_size=0.010 | center=0.95 | no_stairs
4-40BEACH133STREET,Side1_2022-07_P_1T2sQ_H_51_Off_10.jpg,53.6,1,1,0,door_conf=0.96 | door_size=0.014 | center=0.72 | stairs_conf=0.37 | stairs_under=False | align=0.00
4-41BEACH133STREET,Side1_2022-07_P_ItgeQ_H_228_Off_10.jpg,84.1,1,1,1,door_conf=0.97 | door_size=0.009 | center=0.75 | stairs_conf=0.90 | stairs_under=True | align=1.00
4-47BEACH133STREET,Center_2022-07_P_ItgeQ_H_249_Off_-10.jpg,89.0,1,1,1,door_conf=0.98 | door_size=0.010 | center=0.99 | stairs_conf=0.95 | stairs_under=True | align=1.00
4-48BEACH133STREET,Side2_2022-07_P_cbfbg_H_92_Off_10.jpg,66.7,1,1,1,door_conf=0.46 | door_size=0.007 | center=0.86 | stairs_conf=0.83 | stairs_under=True | align=1.00
4-50BEACH134STREET,Center_2022-07_P_tBP_w_H_90_Off_5.jpg,73.8,1,1,1,door_conf=0.66 | door_size=0.010 | center=0.92 | stairs_conf=0.59 | stairs_under=True | align=1.00
4-51BEACH133STREET,Side1_2022-07_P_vfTbA_H_220_Off_0.jpg,77.4,1,1,1,door_conf=0.83 | door_size=0.007 | center=0.96 | stairs_conf=1.00 | stairs_under=True | align=1.00
4-60BEACH134STREET,Side1_2022-07_P_38FCQ_H_34_Off_5.jpg,44.7,1,1,0,door_conf=0.60 | door_size=0.009 | center=0.75 | stairs_conf=0.97 | stairs_under=False | align=0.00
4-62BEACH133STREET,Side2_2022-07_P_NNZqw_H_110_Off_0.jpg,68.5,1,1,1,door_conf=0.54 | door_size=0.008 | center=0.67 | stairs_conf=1.00 | stairs_under=True | align=1.00
4-65BEACH133STREET,Side1_2022-07_P_Z8ErA_H_129_Off_-5.jpg,53.7,1,0,0,door_conf=0.72 | door_size=0.072 | center=0.70 | no_stairs
405BEACH135STREET,Center_2022-07_P_R3elw_H_243_Off_-10.jpg,0.0,0,0,0,no_door
406BEACH136STREET,Side1_2021-11_P_l_Igw_H_300_Off_-10.jpg,67.9,1,1,1,door_conf=0.45 | door_size=0.008 | center=0.84 | stairs_conf=0.97 | stairs_under=True | align=1.00
409BEACH130STREET,Side1_2022-07_P_TzyGw_H_227_Off_10.jpg,80.5,1,1,1,door_conf=0.83 | door_size=0.012 | center=0.85 | stairs_conf=0.76 | stairs_under=True | align=1.00
409BEACH132STREET,Side2_2022-07_P_ahvFg_H_288_Off_-5.jpg,71.2,1,1,1,door_conf=0.81 | door_size=0.006 | center=0.78 | stairs_conf=0.78 | stairs_under=True | align=0.41
411BEACH130STREET,Center_2022-07_P_TzyGw_H_243_Off_-10.jpg,79.7,1,1,1,door_conf=0.74 | door_size=0.011 | center=0.98 | stairs_conf=0.83 | stairs_under=True | align=1.00
411BEACH131STREET,Center_2022-07_P_AKoww_H_238_Off_-10.jpg,78.0,1,1,1,door_conf=0.74 | door_size=0.010 | center=0.86 | stairs_conf=0.87 | stairs_under=True | align=1.00
411BEACH135STREET,Center_2022-07_P_TUJbw_H_251_Off_10.jpg,81.5,1,1,1,door_conf=0.89 | door_size=0.005 | center=0.84 | stairs_conf=0.93 | stairs_under=True | align=1.00
412BEACH132STREET,Center_2024-10_P__ulhA_H_59_Off_5.jpg,67.4,1,1,1,door_conf=0.49 | door_size=0.008 | center=0.98 | stairs_conf=0.50 | stairs_under=True | align=1.00
412BEACH135STREET,Side2_2022-07_P_TUJbw_H_84_Off_-10.jpg,83.1,1,1,1,door_conf=0.92 | door_size=0.009 | center=0.75 | stairs_conf=0.99 | stairs_under=True | align=1.00
412BEACH136STREET,Center_2022-07_P_v4Wqg_H_60_Off_0.jpg,81.5,1,1,1,door_conf=0.88 | door_size=0.005 | center=0.83 | stairs_conf=1.00 | stairs_under=True | align=1.00
416BEACH136STREET,Side2_2022-07_P_eimZw_H_50_Off_10.jpg,84.5,1,1,1,door_conf=0.86 | door_size=0.008 | center=0.99 | stairs_conf=0.99 | stairs_under=True | align=1.00
417BEACH132STREET,Center_2024-10_P_4Ytug_H_239_Off_5.jpg,41.3,1,0,0,door_conf=0.51 | door_size=0.007 | center=0.97 | no_stairs
418BEACH131STREET,Side2_2022-07_P_9r7pw_H_88_Off_0.jpg,84.6,1,1,1,door_conf=0.94 | door_size=0.009 | center=0.89 | stairs_conf=0.84 | stairs_under=True | align=1.00
418BEACH135STREET,Center_2022-07_P_TUJbw_H_61_Off_-5.jpg,87.8,1,1,1,door_conf=0.95 | door_size=0.009 | center=0.99 | stairs_conf=1.00 | stairs_under=True | align=1.00
420BEACH131STREET,Center_2022-07_P_9r7pw_H_62_Off_10.jpg,85.5,1,1,1,door_conf=0.96 | door_size=0.009 | center=0.82 | stairs_conf=0.94 | stairs_under=True | align=1.00
420BEACH132STREET,Center_2024-10_P_4Ytug_H_68_Off_0.jpg,66.4,1,1,1,door_conf=0.52 | door_size=0.008 | center=0.86 | stairs_conf=0.95 | stairs_under=True | align=1.00
420BEACH136STREET,Side1_2022-07_P_v4Wqg_H_23_Off_10.jpg,79.6,1,1,1,door_conf=0.94 | door_size=0.007 | center=0.76 | stairs_conf=1.00 | stairs_under=True | align=1.00
421BEACH130STREET,Center_2022-07_P_5GHcw_H_259_Off_10.jpg,82.4,1,1,1,door_conf=0.94 | door_size=0.010 | center=0.89 | stairs_conf=0.99 | stairs_under=True | align=1.00
423BEACH130STREET,Center_2022-07_P_nJYAw_H_242_Off_5.jpg,85.3,1,1,1,door_conf=0.92 | door_size=0.007 | center=0.94 | stairs_conf=1.00 | stairs_under=True | align=1.00
424BEACH131STREET,Side1_2021-11_P_If0zw_H_49_Off_0.jpg,44.1,1,1,0,door_conf=0.63 | door_size=0.003 | center=0.92 | stairs_conf=0.77 | stairs_under=False | align=0.00
424BEACH135STREET,Side2_2022-07_P_ViDjw_H_90_Off_10.jpg,55.2,1,1,0,door_conf=0.69 | door_size=0.047 | center=0.83 | stairs_conf=0.96 | stairs_under=False | align=1.00
425BEACH132STREET,Side1_2024-10_P_9UmuQ_H_231_Off_5.jpg,82.8,1,1,1,door_conf=0.96 | door_size=0.007 | center=0.99 | stairs_conf=0.42 | stairs_under=True | align=1.00
425BEACH133STREET,Center_2022-07_P_po4gw_H_267_Off_10.jpg,50.7,1,0,0,door_conf=0.83 | door_size=0.062 | center=0.64 | no_stairs
426BEACH135STREET,Side1_2022-07_P_ViDjw_H_46_Off_5.jpg,74.8,1,1,1,door_conf=0.71 | door_size=0.009 | center=0.71 | stairs_conf=0.94 | stairs_under=True | align=1.00
426BEACH136STREET,Side1_2022-07_P_v4Wqg_H_349_Off_-10.jpg,0.0,0,0,0,no_door
427BEACH132STREET,Center_2024-10_P_xjwnA_H_250_Off_0.jpg,89.8,1,1,1,door_conf=0.98 | door_size=0.012 | center=0.98 | stairs_conf=1.00 | stairs_under=True | align=1.00
427BEACH134STREET,Center_2022-07_P_vtaww_H_244_Off_-10.jpg,0.0,0,0,0,no_door
428BEACH131STREET,Center_2021-11_P_-U5Ug_H_64_Off_10.jpg,51.0,1,0,0,door_conf=0.90 | door_size=0.003 | center=0.80 | no_stairs
429BEACH135STREET,Center_2022-07_P_KsNEQ_H_234_Off_-10.jpg,0.0,0,0,0,no_door
430BEACH136STREET,Side1_2022-07_P_DrEPQ_H_241_Off_5.jpg,63.9,1,1,1,door_conf=0.41 | door_size=0.004 | center=0.79 | stairs_conf=1.00 | stairs_under=True | align=1.00
431BEACH131STREET,Side2_2021-11_P_-U5Ug_H_257_Off_-10.jpg,41.0,1,0,0,door_conf=0.45 | door_size=0.013 | center=0.94 | no_stairs
432BEACH131STREET,Center_2021-11_P_Iy8bg_H_49_Off_-10.jpg,0.0,0,0,0,no_door
432BEACH132STREET,Side2_2024-10_P_14Jkw_H_78_Off_-10.jpg,86.7,1,1,1,door_conf=0.98 | door_size=0.011 | center=0.80 | stairs_conf=0.99 | stairs_under=True | align=1.00
434BEACH136STREET,Side2_2022-07_P_DrEPQ_H_243_Off_-10.jpg,69.1,1,1,1,door_conf=0.51 | door_size=0.006 | center=0.84 | stairs_conf=1.00 | stairs_under=True | align=1.00
435BEACH130STREET,Center_2022-07_P_tYn_w_H_247_Off_0.jpg,86.2,1,1,1,door_conf=0.92 | door_size=0.013 | center=0.88 | stairs_conf=1.00 | stairs_under=True | align=1.00
435BEACH135STREET,Side2_2022-07_P_DrEPQ_H_269_Off_0.jpg,70.8,1,1,1,door_conf=0.61 | door_size=0.010 | center=0.88 | stairs_conf=1.00 | stairs_under=True | align=1.00
436BEACH131STREET,Side2_2022-07_P_Zu4cA_H_99_Off_-10.jpg,32.2,1,0,0,door_conf=0.31 | door_size=0.009 | center=0.75 | no_stairs
436BEACH132STREET,Center_2024-10_P_14Jkw_H_60_Off_0.jpg,89.0,1,1,1,door_conf=0.98 | door_size=0.009 | center=0.99 | stairs_conf=0.99 | stairs_under=True | align=1.00
440BEACH132STREET,Side2_2024-10_P_KL6EQ_H_86_Off_-10.jpg,86.3,1,1,1,door_conf=0.93 | door_size=0.008 | center=0.95 | stairs_conf=0.99 | stairs_under=True | align=1.00
442BEACH131STREET,Center_2021-11_P_0sRRA_H_54_Off_-10.jpg,0.0,0,0,0,no_door
443BEACH131STREET,Side2_2021-11_P_E4j9A_H_296_Off_10.jpg,80.4,1,1,1,door_conf=0.89 | door_size=0.006 | center=0.70 | stairs_conf=0.99 | stairs_under=True | align=1.00
444BEACH132STREET,Center_2024-10_P_KL6EQ_H_56_Off_-10.jpg,84.4,1,1,1,door_conf=0.95 | door_size=0.011 | center=0.69 | stairs_conf=1.00 | stairs_under=True | align=1.00
444BEACH136STREET,Center_2022-07_P_ouRdw_H_255_Off_-10.jpg,60.2,1,1,0,door_conf=0.68 | door_size=0.285 | center=0.76 | stairs_conf=0.73 | stairs_under=False | align=0.57
446BEACH131STREET,Center_2022-07_P_CUHrg_H_74_Off_0.jpg,72.1,1,1,1,door_conf=0.66 | door_size=0.004 | center=0.89 | stairs_conf=0.89 | stairs_under=True | align=0.90
447BEACH130STREET,Side1_2022-07_P_Iv3Rg_H_242_Off_10.jpg,71.7,1,1,1,door_conf=0.49 | door_size=0.010 | center=0.98 | stairs_conf=0.98 | stairs_under=True | align=1.00
447BEACH131STREET,Side2_2021-11_P_0sRRA_H_271_Off_-10.jpg,43.3,1,0,0,door_conf=0.72 | door_size=0.002 | center=0.77 | no_stairs
448BEACH132STREET,Center_2024-10_P_Q0WZg_H_66_Off_5.jpg,71.0,1,1,1,door_conf=0.68 | door_size=0.002 | center=0.78 | stairs_conf=0.99 | stairs_under=True | align=0.86
450BEACH131STREET,Side1_2022-07_P_CUHrg_H_45_Off_0.jpg,44.6,1,1,0,door_conf=0.44 | door_size=0.080 | center=0.64 | stairs_conf=0.77 | stairs_under=False | align=0.00
451BEACH130STREET,Side2_2022-07_P_Iv3Rg_H_262_Off_0.jpg,64.7,1,1,1,door_conf=0.37 | door_size=0.011 | center=0.75 | stairs_conf=0.98 | stairs_under=True | align=1.00
451BEACH131STREET,Center_2022-07_P_jdMQA_H_233_Off_-10.jpg,83.7,1,1,1,door_conf=0.92 | door_size=0.009 | center=0.77 | stairs_conf=0.99 | stairs_under=True | align=1.00
452BEACH131STREET,Side1_2022-07_P_0iaAg_H_46_Off_5.jpg,74.3,1,1,1,door_conf=0.83 | door_size=0.006 | center=0.99 | stairs_conf=0.95 | stairs_under=True | align=0.61
453BEACH132STREET,Center_2018-07_P_ADD2Q_H_236_Off_5.jpg,75.2,1,1,1,door_conf=0.91 | door_size=0.002 | center=0.78 | stairs_conf=0.86 | stairs_under=True | align=1.00
455BEACH130STREET,Side1_2020-11_P_O2wQg_H_218_Off_10.jpg,74.7,1,1,1,door_conf=0.74 | door_size=0.005 | center=0.74 | stairs_conf=0.92 | stairs_under=True | align=1.00
455BEACH131STREET,Side2_2022-07_P_jdMQA_H_267_Off_-10.jpg,83.9,1,1,1,door_conf=0.90 | door_size=0.008 | center=0.85 | stairs_conf=0.99 | stairs_under=True | align=1.00
455BEACH133STREET,Side1_2021-11_P_kxM4g_H_216_Off_10.jpg,73.4,1,1,1,door_conf=0.57 | door_size=0.010 | center=0.88 | stairs_conf=1.00 | stairs_under=True | align=1.00
456BEACH132STREET,Side1_2024-10_P_Q0WZg_H_26_Off_10.jpg,71.6,1,1,1,door_conf=0.69 | door_size=0.003 | center=0.77 | stairs_conf=0.99 | stairs_under=True | align=0.93
459BEACH130STREET,Center_2020-11_P_O2wQg_H_225_Off_-10.jpg,64.9,1,1,1,door_conf=0.44 | door_size=0.005 | center=0.82 | stairs_conf=0.88 | stairs_under=True | align=1.00
459BEACH131STREET,Center_2022-07_P_ri-8w_H_248_Off_-10.jpg,72.1,1,1,1,door_conf=0.57 | door_size=0.007 | center=0.87 | stairs_conf=0.99 | stairs_under=True | align=1.00
462BEACH131STREET,Center_2022-07_P_umkJA_H_67_Off_-10.jpg,80.8,1,1,1,door_conf=0.78 | door_size=0.023 | center=0.97 | stairs_conf=1.00 | stairs_under=True | align=1.00
462BEACH132STREET,Center_2018-07_P_h61yA_H_93_Off_5.jpg,52.8,1,1,0,door_conf=0.74 | door_size=0.010 | center=0.92 | stairs_conf=1.00 | stairs_under=False | align=0.00
473BEACH131STREET,Side1_2022-07_P_q9pFg_H_222_Off_10.jpg,48.3,1,0,0,door_conf=0.78 | door_size=0.006 | center=0.81 | no_stairs
5-03BEACH133STREET,Center_2022-07_P_qg_7w_H_314_Off_-10.jpg,46.2,1,1,0,door_conf=0.71 | door_size=0.006 | center=0.83 | stairs_conf=0.62 | stairs_under=False | align=0.00
5-07BEACH133STREET,Center_2022-07_P_6_4GQ_H_255_Off_10.jpg,77.6,1,1,1,door_conf=0.74 | door_size=0.011 | center=0.76 | stairs_conf=0.97 | stairs_under=True | align=1.00
5-08BEACH135STREET,Side1_2022-07_P_MCHQg_H_47_Off_-10.jpg,0.0,0,0,0,no_door
5-09BEACH135STREET,Side2_2022-07_P_ylztA_H_277_Off_5.jpg,48.5,1,1,0,door_conf=0.79 | door_size=0.010 | center=0.67 | stairs_conf=0.74 | stairs_under=False | align=0.00
5-10BEACH133STREET,Center_2022-07_P_IPULw_H_53_Off_-10.jpg,0.0,0,0,0,no_door
5-11BEACH135STREET,Side2_2022-07_P_vZqsA_H_277_Off_-5.jpg,32.7,1,1,0,door_conf=0.35 | door_size=0.010 | center=0.75 | stairs_conf=0.53 | stairs_under=False | align=1.00
5-12BEACH135STREET,Side2_2022-07_P_s5mTg_H_92_Off_-5.jpg,77.0,1,1,1,door_conf=0.87 | door_size=0.008 | center=0.79 | stairs_conf=0.43 | stairs_under=True | align=1.00
5-15BEACH135STREET,Center_2022-07_P_TnJjA_H_240_Off_5.jpg,54.1,1,0,0,door_conf=0.89 | door_size=0.006 | center=0.96 | no_stairs
5-16BEACH135STREET,Center_2022-07_P_s5mTg_H_69_Off_0.jpg,75.5,1,1,1,door_conf=0.76 | door_size=0.007 | center=0.95 | stairs_conf=0.45 | stairs_under=True | align=1.00
5-17BEACH133STREET,Center_2022-07_P_VvquA_H_242_Off_5.jpg,86.6,1,1,1,door_conf=0.94 | door_size=0.008 | center=0.98 | stairs_conf=0.98 | stairs_under=True | align=1.00
5-18BEACH133STREET,Center_2022-07_P_VvquA_H_61_Off_-10.jpg,0.0,0,0,0,no_door
5-18BEACH134STREET,Center_2022-07_P_9_-Bg_H_48_Off_-5.jpg,42.0,1,1,0,door_conf=0.62 | door_size=0.003 | center=0.70 | stairs_conf=0.98 | stairs_under=False | align=0.00
5-19BEACH134STREET,Side2_2022-07_P_9_-Bg_H_274_Off_0.jpg,78.4,1,1,1,door_conf=0.76 | door_size=0.013 | center=0.72 | stairs_conf=1.00 | stairs_under=True | align=1.00
5-20BEACH135STREET,Center_2022-07_P_wVPOA_H_62_Off_-10.jpg,0.0,0,0,0,no_door
5-21BEACH135STREET,Side1_2022-07_P_s5nNQ_H_238_Off_10.jpg,87.2,1,1,1,door_conf=0.98 | door_size=0.011 | center=0.82 | stairs_conf=1.00 | stairs_under=True | align=1.00
5-24BEACH134STREET,Center_2022-07_P_RDo4w_H_52_Off_-10.jpg,0.0,0,0,0,no_door
5-25BEACH135STREET,Side2_2022-07_P_s5nNQ_H_258_Off_-5.jpg,87.2,1,1,1,door_conf=0.94 | door_size=0.009 | center=0.96 | stairs_conf=0.99 | stairs_under=True | align=1.00
5-26BEACH135STREET,Side1_2022-07_P_TnJjA_H_20_Off_-10.jpg,41.2,1,0,0,door_conf=0.43 | door_size=0.055 | center=0.62 | no_stairs
5-31BEACH134STREET,Center_2022-07_P_aSdbg_H_220_Off_-10.jpg,0.0,0,0,0,no_door
5-32BEACH133STREET,Center_2022-07_P_7IFZQ_H_60_Off_-10.jpg,78.6,1,1,1,door_conf=0.69 | door_size=0.013 | center=0.95 | stairs_conf=0.92 | stairs_under=True | align=1.00
5-33BEACH135STREET,Center_2022-07_P_85HqQ_H_237_Off_-5.jpg,55.8,1,0,0,door_conf=0.92 | door_size=0.007 | center=0.98 | no_stairs
5-36BEACH133STREET,Side1_2022-07_P_7IFZQ_H_49_Off_10.jpg,72.2,1,1,1,door_conf=0.68 | door_size=0.015 | center=0.83 | stairs_conf=0.31 | stairs_under=True | align=1.00
5-37BEACH133STREET,Center_2022-07_P_Puv7g_H_223_Off_-10.jpg,0.0,0,0,0,no_door
5-37BEACH134STREET,Side1_2022-07_P_UbWCQ_H_227_Off_10.jpg,63.6,1,1,1,door_conf=0.37 | door_size=0.009 | center=0.74 | stairs_conf=0.98 | stairs_under=True | align=1.00
5-38BEACH134STREET,Side2_2022-07_P_vpwog_H_94_Off_-5.jpg,81.3,1,1,1,door_conf=0.84 | door_size=0.011 | center=0.75 | stairs_conf=1.00 | stairs_under=True | align=1.00
5-40BEACH133STREET,Side1_2022-07_P_1A-0w_H_38_Off_5.jpg,63.7,1,1,1,door_conf=0.43 | door_size=0.006 | center=0.79 | stairs_conf=0.79 | stairs_under=True | align=1.00
5-41BEACH134STREET,Center_2022-07_P_UbWCQ_H_237_Off_-10.jpg,65.7,1,1,1,door_conf=0.39 | door_size=0.007 | center=0.87 | stairs_conf=0.99 | stairs_under=True | align=1.00
5-43BEACH135STREET,Side2_2022-07_P_85HqQ_H_253_Off_-10.jpg,51.3,1,0,0,door_conf=0.96 | door_size=0.007 | center=0.84 | no_stairs
5-45BEACH133STREET,Center_2022-07_P_xn1RQ_H_254_Off_10.jpg,67.9,1,1,1,door_conf=0.43 | door_size=0.005 | center=0.98 | stairs_conf=0.97 | stairs_under=True | align=1.00
5-45BEACH134STREET,Side2_2022-07_P_UbWCQ_H_275_Off_-10.jpg,69.9,1,1,1,door_conf=0.57 | door_size=0.009 | center=0.71 | stairs_conf=0.91 | stairs_under=True | align=1.00
5-46BEACH135STREET,Center_2022-07_P_incQA_H_77_Off_5.jpg,43.5,1,0,0,door_conf=0.70 | door_size=0.007 | center=0.91 | no_stairs
5-49BEACH133STREET,Side2_2022-07_P_xn1RQ_H_271_Off_-5.jpg,64.2,1,1,1,door_conf=0.42 | door_size=0.006 | center=0.73 | stairs_conf=0.98 | stairs_under=True | align=1.00
5-50BEACH134STREET,Center_2022-07_P_tfoEQ_H_58_Off_5.jpg,68.2,1,1,1,door_conf=0.61 | door_size=0.014 | center=0.72 | stairs_conf=0.98 | stairs_under=True | align=0.88
5-50BEACH135STREET,Center_2022-07_P_09hqA_H_85_Off_10.jpg,53.3,1,1,0,door_conf=0.72 | door_size=0.042 | center=0.63 | stairs_conf=0.99 | stairs_under=False | align=0.00
5-52BEACH134STREET,Center_2022-07_P_sXo2A_H_56_Off_-5.jpg,46.2,1,0,0,door_conf=0.67 | door_size=0.008 | center=0.88 | no_stairs
5-53BEACH133STREET,Side2_2022-07_P_lgcwg_H_272_Off_-10.jpg,36.4,1,1,0,door_conf=0.36 | door_size=0.012 | center=0.70 | stairs_conf=0.98 | stairs_under=False | align=0.00
503BEACH131STREET,Side2_2022-07_P_hlUAw_H_351_Off_0.jpg,39.9,1,0,0,door_conf=0.55 | door_size=0.005 | center=0.82 | no_stairs
504BEACH131STREET,Side1_2022-07_P_M7Fpg_H_22_Off_-10.jpg,63.1,1,1,1,door_conf=0.48 | door_size=0.003 | center=0.95 | stairs_conf=0.33 | stairs_under=True | align=1.00
509BEACH131STREET,Side1_2022-07_P_SL-1w_H_223_Off_10.jpg,59.7,1,1,1,door_conf=0.31 | door_size=0.006 | center=0.77 | stairs_conf=0.81 | stairs_under=True | align=1.00
511BEACH132STREET,Center_2018-07_P_Cf0jw_H_249_Off_0.jpg,61.5,1,1,0,door_conf=0.98 | door_size=0.018 | center=0.94 | stairs_conf=0.74 | stairs_under=False | align=1.00
512BEACH132STREET,Side2_2018-07_P_9zYjQ_H_103_Off_0.jpg,31.6,1,0,0,door_conf=0.35 | door_size=0.011 | center=0.88 | no_stairs
512BEACH136STREET,Center_2022-07_P_wVPOA_H_210_Off_-10.jpg,45.5,1,0,0,door_conf=0.70 | door_size=0.005 | center=0.85 | no_stairs
515BEACH131STREET,Center_2022-07_P_SL-1w_H_227_Off_-10.jpg,58.8,1,1,1,door_conf=0.41 | door_size=0.007 | center=0.82 | stairs_conf=0.64 | stairs_under=True | align=1.00
517BEACH130STREET,Side1_2019-08_P_ei29Q_H_232_Off_10.jpg,64.5,1,1,1,door_conf=0.39 | door_size=0.005 | center=0.86 | stairs_conf=1.00 | stairs_under=True | align=1.00
518BEACH132STREET,Side2_2018-07_P_tLK5Q_H_77_Off_-5.jpg,46.1,1,1,0,door_conf=0.73 | door_size=0.006 | center=0.71 | stairs_conf=0.74 | stairs_under=False | align=0.00
520BEACH136STREET,Side1_2022-07_P_s5nNQ_H_244_Off_10.jpg,87.0,1,1,1,door_conf=0.96 | door_size=0.010 | center=0.88 | stairs_conf=1.00 | stairs_under=True | align=1.00
522BEACH132STREET,Side2_2018-07_P_EdzKA_H_114_Off_5.jpg,71.2,1,1,1,door_conf=0.60 | door_size=0.009 | center=0.70 | stairs_conf=1.00 | stairs_under=True | align=1.00
524BEACH131STREET,Center_2022-07_P_uuQ7w_H_53_Off_-10.jpg,0.0,0,0,0,no_door
524BEACH136STREET,Side1_2022-07_P_s5nNQ_H_257_Off_10.jpg,88.4,1,1,1,door_conf=0.98 | door_size=0.008 | center=0.97 | stairs_conf=1.00 | stairs_under=True | align=1.00
525BEACH131STREET,Side1_2022-07_P_0_H6Q_H_227_Off_10.jpg,50.7,1,0,0,door_conf=0.88 | door_size=0.005 | center=0.76 | no_stairs
525BEACH132STREET,Side1_2018-07_P_EdzKA_H_243_Off_10.jpg,81.0,1,1,1,door_conf=0.80 | door_size=0.008 | center=0.88 | stairs_conf=1.00 | stairs_under=True | align=1.00
527BEACH131STREET,Center_2022-07_P_0_H6Q_H_254_Off_10.jpg,79.6,1,1,1,door_conf=0.87 | door_size=0.005 | center=0.94 | stairs_conf=0.61 | stairs_under=True | align=1.00
528BEACH131STREET,Center_2022-07_P_6X-yQ_H_65_Off_-10.jpg,39.5,1,1,0,door_conf=0.40 | door_size=0.006 | center=0.92 | stairs_conf=1.00 | stairs_under=False | align=0.00
528BEACH136STREET,Side1_2022-07_P_s5nNQ_H_249_Off_-10.jpg,88.2,1,1,1,door_conf=0.98 | door_size=0.009 | center=0.94 | stairs_conf=1.00 | stairs_under=True | align=1.00
529BEACH132STREET,Center_2018-07_P_EdzKA_H_258_Off_0.jpg,80.1,1,1,1,door_conf=0.74 | door_size=0.009 | center=0.96 | stairs_conf=0.98 | stairs_under=True | align=1.00
532BEACH131STREET,Center_2019-08_P_kMrsQ_H_63_Off_-10.jpg,73.2,1,1,1,door_conf=0.53 | door_size=0.012 | center=0.91 | stairs_conf=1.00 | stairs_under=True | align=1.00
532BEACH136STREET,Side1_2022-07_P_wM3RQ_H_120_Off_-10.jpg,0.0,0,0,0,no_door
533BEACH130STREET,Side1_2019-08_P_q9qOw_H_196_Off_-5.jpg,71.1,1,1,1,door_conf=0.62 | door_size=0.006 | center=0.70 | stairs_conf=1.00 | stairs_under=True | align=1.00
533BEACH132STREET,Side2_2018-07_P_EdzKA_H_277_Off_-10.jpg,69.6,1,1,1,door_conf=0.52 | door_size=0.011 | center=0.74 | stairs_conf=0.96 | stairs_under=True | align=1.00
534BEACH132STREET,Center_2012-10_P_qtDqg_H_72_Off_0.jpg,86.3,1,1,1,door_conf=0.96 | door_size=0.006 | center=0.97 | stairs_conf=0.94 | stairs_under=True | align=1.00
536BEACH136STREET,Side1_2022-07_P_wM3RQ_H_109_Off_-10.jpg,0.0,0,0,0,no_door
537BEACH130STREET,Side1_2019-08_P_q9qOw_H_219_Off_-5.jpg,37.2,1,1,0,door_conf=0.34 | door_size=0.012 | center=0.78 | stairs_conf=1.00 | stairs_under=False | align=0.00
540BEACH131STREET,Center_2012-10_P_8uULA_H_63_Off_10.jpg,67.8,1,1,1,door_conf=0.49 | door_size=0.008 | center=0.75 | stairs_conf=1.00 | stairs_under=True | align=1.00
540BEACH136STREET,Side1_2022-07_P_wM3RQ_H_104_Off_-5.jpg,0.0,0,0,0,no_door
541BEACH130STREET,Side1_2019-08_P_zHgJQ_H_223_Off_10.jpg,72.1,1,1,1,door_conf=0.59 | door_size=0.007 | center=0.83 | stairs_conf=0.99 | stairs_under=True | align=1.00
543BEACH131STREET,Side1_2021-11_P_7Krhw_H_216_Off_5.jpg,61.9,1,1,1,door_conf=0.36 | door_size=0.008 | center=0.67 | stairs_conf=0.94 | stairs_under=True | align=1.00
544BEACH131STREET,Side1_2012-10_P_8uULA_H_22_Off_-10.jpg,55.7,1,1,0,door_conf=0.88 | door_size=0.025 | center=0.71 | stairs_conf=0.72 | stairs_under=False | align=0.00
545BEACH132STREET,Side1_2022-07_P_XCIag_H_240_Off_10.jpg,78.5,1,1,1,door_conf=0.76 | door_size=0.010 | center=0.83 | stairs_conf=0.91 | stairs_under=True | align=1.00
548BEACH132STREET,Side1_2022-07_P_XCIag_H_40_Off_-10.jpg,79.3,1,1,1,door_conf=0.74 | door_size=0.007 | center=0.94 | stairs_conf=1.00 | stairs_under=True | align=1.00
549BEACH132STREET,Side2_2022-07_P_XCIag_H_253_Off_-10.jpg,81.1,1,1,1,door_conf=0.77 | door_size=0.009 | center=0.98 | stairs_conf=0.95 | stairs_under=True | align=1.00
551BEACH131STREET,Side1_2022-07_P_fdihA_H_234_Off_10.jpg,74.7,1,1,1,door_conf=0.76 | door_size=0.008 | center=0.76 | stairs_conf=0.65 | stairs_under=True | align=1.00
552BEACH131STREET,Side2_2022-07_P_v93nw_H_83_Off_-10.jpg,75.2,1,1,1,door_conf=0.71 | door_size=0.008 | center=0.73 | stairs_conf=0.95 | stairs_under=True | align=1.00
552BEACH132STREET,Center_2022-07_P_7gFzg_H_60_Off_-10.jpg,67.8,1,1,1,door_conf=0.61 | door_size=0.010 | center=0.80 | stairs_conf=1.00 | stairs_under=True | align=0.42
553BEACH132STREET,Center_2022-07_P_7gFzg_H_240_Off_0.jpg,84.2,1,1,1,door_conf=0.89 | door_size=0.005 | center=0.99 | stairs_conf=0.97 | stairs_under=True | align=1.00
556BEACH132STREET,Side2_2022-07_P_ddOww_H_100_Off_-10.jpg,60.4,1,1,0,door_conf=0.87 | door_size=0.058 | center=0.74 | stairs_conf=0.86 | stairs_under=False | align=0.21
557BEACH130STREET,Side1_2019-08_P_FIILw_H_282_Off_-10.jpg,0.0,0,0,0,no_door
557BEACH132STREET,Side2_2022-07_P_15vOw_H_282_Off_-10.jpg,40.0,1,1,0,door_conf=0.53 | door_size=0.003 | center=0.79 | stairs_conf=0.92 | stairs_under=False | align=0.00
560BEACH132STREET,Side2_2022-07_P_ddOww_H_78_Off_-5.jpg,84.1,1,1,1,door_conf=0.94 | door_size=0.008 | center=0.79 | stairs_conf=0.98 | stairs_under=True | align=1.00
561BEACH131STREET,Center_2022-07_P_dZ6zA_H_235_Off_0.jpg,68.1,1,1,1,door_conf=0.56 | door_size=0.003 | center=0.97 | stairs_conf=0.56 | stairs_under=True | align=1.00
562BEACH132STREET,Center_2022-07_P_ddOww_H_52_Off_-5.jpg,86.7,1,1,1,door_conf=0.96 | door_size=0.007 | center=0.93 | stairs_conf=0.99 | stairs_under=True | align=1.00
564BEACH131STREET,Side1_2022-07_P_v93nw_H_44_Off_0.jpg,42.2,1,0,0,door_conf=0.56 | door_size=0.009 | center=0.84 | no_stairs
566BEACH132STREET,Center_2024-10_P_Zu-zQ_H_141_Off_10.jpg,82.8,1,1,1,door_conf=0.79 | door_size=0.011 | center=0.99 | stairs_conf=0.99 | stairs_under=True | align=1.00
567BEACH130STREET,Side1_2019-08_P_BlF0w_H_190_Off_-10.jpg,0.0,0,0,0,no_door
567BEACH131STREET,Center_2022-07_P_BTV5g_H_257_Off_0.jpg,53.1,1,0,0,door_conf=0.95 | door_size=0.009 | center=0.92 | no_stairs
568BEACH131STREET,Side1_2022-07_P_IESWQ_H_22_Off_-10.jpg,65.9,1,1,0,door_conf=0.85 | door_size=0.165 | center=0.78 | stairs_conf=0.96 | stairs_under=False | align=0.49
570BEACH131STREET,Side2_2024-10_P_Oa1NQ_H_130_Off_-5.jpg,67.2,1,1,1,door_conf=0.72 | door_size=0.002 | center=0.70 | stairs_conf=0.36 | stairs_under=True | align=1.00
